num_vars,seed,true_edges,edge_density,max_eigenvalue_real,DirectSF2M_AUROC,DirectSF2M_AUPRC,DirectSF2M_training_time,DirectSF2M_num_true_edges,hparam_n_steps,hparam_batch_size,hparam_reg,hparam_alpha,hparam_lr,hparam_knockout_hidden,config_id,experiment_id,total_experiments
10,962,25,0.25,0.7146712559397453,0.7765333333333333,0.5764584231653376,3.891787052154541,25,1000,64,1e-06,0.1,0.001,128,0,1,648
10,283,27,0.27,0.9467484666911842,0.8181126331811264,0.6552849693614462,3.9701502323150635,27,1000,64,1e-06,0.1,0.001,128,0,2,648
10,165,27,0.27,0.9963180699495502,0.8665651953323187,0.7339247021380928,3.883580207824707,27,1000,64,1e-06,0.1,0.001,128,0,3,648
10,962,25,0.25,0.7146712559397453,0.8269333333333333,0.603627513156717,5.1656413078308105,25,1000,64,1e-06,0.1,0.001,256,1,4,648
10,283,27,0.27,0.9467484666911842,0.8483003551496702,0.6754893044459476,5.299701929092407,27,1000,64,1e-06,0.1,0.001,256,1,5,648
10,165,27,0.27,0.9963180699495502,0.8992897006595637,0.7519879760767774,5.62412428855896,27,1000,64,1e-06,0.1,0.001,256,1,6,648
10,962,25,0.25,0.7146712559397453,0.7706666666666667,0.5743832736908298,3.903141975402832,25,1000,64,1e-06,0.1,0.003,128,2,7,648
10,283,27,0.27,0.9467484666911842,0.8551496702181633,0.6802045447606863,4.115484714508057,27,1000,64,1e-06,0.1,0.003,128,2,8,648
10,165,27,0.27,0.9963180699495502,0.9099441907661086,0.7732492079511566,3.90280818939209,27,1000,64,1e-06,0.1,0.003,128,2,9,648
10,962,25,0.25,0.7146712559397453,0.7994666666666667,0.5930991385878086,5.081916093826294,25,1000,64,1e-06,0.1,0.003,256,3,10,648
10,283,27,0.27,0.9467484666911842,0.8713850837138508,0.7213025794347163,5.33602499961853,27,1000,64,1e-06,0.1,0.003,256,3,11,648
10,165,27,0.27,0.9963180699495502,0.9147640791476408,0.7820528473813335,5.161586046218872,27,1000,64,1e-06,0.1,0.003,256,3,12,648
10,962,25,0.25,0.7146712559397453,0.7784000000000001,0.5862724168457668,3.6841421127319336,25,1000,64,1e-06,0.1,0.005,128,4,13,648
10,283,27,0.27,0.9467484666911842,0.8427194317605277,0.6711167661177158,4.174063682556152,27,1000,64,1e-06,0.1,0.005,128,4,14,648
10,165,27,0.27,0.9963180699495502,0.9170471841704718,0.7951365973794595,3.9713850021362305,27,1000,64,1e-06,0.1,0.005,128,4,15,648
10,962,25,0.25,0.7146712559397453,0.7994666666666667,0.5667817356080229,5.081514358520508,25,1000,64,1e-06,0.1,0.005,256,5,16,648
10,283,27,0.27,0.9467484666911842,0.8731608320649418,0.7331056389997359,5.298090934753418,27,1000,64,1e-06,0.1,0.005,256,5,17,648
10,165,27,0.27,0.9963180699495502,0.9150177574835109,0.7945639005452649,5.270622968673706,27,1000,64,1e-06,0.1,0.005,256,5,18,648
10,962,25,0.25,0.7146712559397453,0.7818666666666667,0.5735819201152863,4.636300802230835,25,1000,64,1e-06,0.3,0.001,128,6,19,648
10,283,27,0.27,0.9467484666911842,0.8340943683409436,0.6699866511548396,4.188149690628052,27,1000,64,1e-06,0.3,0.001,128,6,20,648
10,165,27,0.27,0.9963180699495502,0.8942161339421613,0.7483655995388259,4.0168702602386475,27,1000,64,1e-06,0.3,0.001,128,6,21,648
10,962,25,0.25,0.7146712559397453,0.8288,0.6180145912987818,5.188090085983276,25,1000,64,1e-06,0.3,0.001,256,7,22,648
10,283,27,0.27,0.9467484666911842,0.867579908675799,0.6995917233236781,5.3885767459869385,27,1000,64,1e-06,0.3,0.001,256,7,23,648
10,165,27,0.27,0.9963180699495502,0.91298833079655,0.769882307823425,5.641803979873657,27,1000,64,1e-06,0.3,0.001,256,7,24,648
10,962,25,0.25,0.7146712559397453,0.7733333333333334,0.5805967521261989,4.540865182876587,25,1000,64,1e-06,0.3,0.003,128,8,25,648
10,283,27,0.27,0.9467484666911842,0.8503297818366312,0.6664485205623327,4.616466999053955,27,1000,64,1e-06,0.3,0.003,128,8,26,648
10,165,27,0.27,0.9963180699495502,0.9137493658041603,0.7849780725574045,4.08671498298645,27,1000,64,1e-06,0.3,0.003,128,8,27,648
10,962,25,0.25,0.7146712559397453,0.7997333333333333,0.5905054588745322,5.782214164733887,25,1000,64,1e-06,0.3,0.003,256,9,28,648
10,283,27,0.27,0.9467484666911842,0.8726534753932014,0.7278508775809438,5.696784257888794,27,1000,64,1e-06,0.3,0.003,256,9,29,648
10,165,27,0.27,0.9963180699495502,0.917300862506342,0.7881991550861507,5.7569990158081055,27,1000,64,1e-06,0.3,0.003,256,9,30,648
10,962,25,0.25,0.7146712559397453,0.7794666666666665,0.5990341135544434,4.297541856765747,25,1000,64,1e-06,0.3,0.005,128,10,31,648
10,283,27,0.27,0.9467484666911842,0.8292744799594115,0.6465167185327545,4.365404844284058,27,1000,64,1e-06,0.3,0.005,128,10,32,648
10,165,27,0.27,0.9963180699495502,0.9190766108574328,0.8036442206779422,4.569820165634155,27,1000,64,1e-06,0.3,0.005,128,10,33,648
10,962,25,0.25,0.7146712559397453,0.7949333333333332,0.583446619299959,5.610165357589722,25,1000,64,1e-06,0.3,0.005,256,11,34,648
10,283,27,0.27,0.9467484666911842,0.8706240487062404,0.7279021441037369,6.000410795211792,27,1000,64,1e-06,0.3,0.005,256,11,35,648
10,165,27,0.27,0.9963180699495502,0.9190766108574328,0.793272771292207,5.870756149291992,27,1000,64,1e-06,0.3,0.005,256,11,36,648
10,962,25,0.25,0.7146712559397453,0.7533333333333333,0.5672099345393193,4.282156705856323,25,1000,64,1e-05,0.1,0.001,128,12,37,648
10,283,27,0.27,0.9467484666911842,0.8318112633181126,0.6710024426646717,4.698896884918213,27,1000,64,1e-05,0.1,0.001,128,12,38,648
10,165,27,0.27,0.9963180699495502,0.8619989852866565,0.7405094590715506,4.248303174972534,27,1000,64,1e-05,0.1,0.001,128,12,39,648
10,962,25,0.25,0.7146712559397453,0.7816,0.5889564547806355,5.507520914077759,25,1000,64,1e-05,0.1,0.001,256,13,40,648
10,283,27,0.27,0.9467484666911842,0.8510908168442415,0.6488920427297283,5.779965877532959,27,1000,64,1e-05,0.1,0.001,256,13,41,648
10,165,27,0.27,0.9963180699495502,0.7983257229832572,0.6790236850933387,5.440464019775391,27,1000,64,1e-05,0.1,0.001,256,13,42,648
10,962,25,0.25,0.7146712559397453,0.7957333333333333,0.5802343348358778,4.455106019973755,25,1000,64,1e-05,0.1,0.003,128,14,43,648
10,283,27,0.27,0.9467484666911842,0.8389142567224759,0.6653434438758368,4.473659038543701,27,1000,64,1e-05,0.1,0.003,128,14,44,648
10,165,27,0.27,0.9963180699495502,0.84779299847793,0.7089233898605674,4.43947696685791,27,1000,64,1e-05,0.1,0.003,128,14,45,648
10,962,25,0.25,0.7146712559397453,0.8024,0.6055188038481757,5.548120975494385,25,1000,64,1e-05,0.1,0.003,256,15,46,648
10,283,27,0.27,0.9467484666911842,0.8429731100963979,0.6602783521004452,5.6303369998931885,27,1000,64,1e-05,0.1,0.003,256,15,47,648
10,165,27,0.27,0.9963180699495502,0.8092338914256723,0.6986237472183425,5.763463020324707,27,1000,64,1e-05,0.1,0.003,256,15,48,648
10,962,25,0.25,0.7146712559397453,0.7802666666666667,0.6110481724507374,4.076838254928589,25,1000,64,1e-05,0.1,0.005,128,16,49,648
10,283,27,0.27,0.9467484666911842,0.832572298325723,0.6360270924216611,4.492008924484253,27,1000,64,1e-05,0.1,0.005,128,16,50,648
10,165,27,0.27,0.9963180699495502,0.9074074074074074,0.7482232115474796,4.3083109855651855,27,1000,64,1e-05,0.1,0.005,128,16,51,648
10,962,25,0.25,0.7146712559397453,0.8176,0.6196674789634635,5.561998128890991,25,1000,64,1e-05,0.1,0.005,256,17,52,648
10,283,27,0.27,0.9467484666911842,0.863013698630137,0.7094083063645507,5.577263116836548,27,1000,64,1e-05,0.1,0.005,256,17,53,648
10,165,27,0.27,0.9963180699495502,0.8691019786910198,0.7592353368286624,5.74281120300293,27,1000,64,1e-05,0.1,0.005,256,17,54,648
10,962,25,0.25,0.7146712559397453,0.7496,0.5567052545839309,4.366652011871338,25,1000,64,1e-05,0.3,0.001,128,18,55,648
10,283,27,0.27,0.9467484666911842,0.817351598173516,0.6437211869361279,4.2086310386657715,27,1000,64,1e-05,0.3,0.001,128,18,56,648
10,165,27,0.27,0.9963180699495502,0.8264840182648401,0.6952042546818371,4.521387100219727,27,1000,64,1e-05,0.3,0.001,128,18,57,648
10,962,25,0.25,0.7146712559397453,0.7749333333333334,0.5863840714617546,5.570815086364746,25,1000,64,1e-05,0.3,0.001,256,19,58,648
10,283,27,0.27,0.9467484666911842,0.8396752917300863,0.6152494753768942,5.941490888595581,27,1000,64,1e-05,0.3,0.001,256,19,59,648
10,165,27,0.27,0.9963180699495502,0.7534246575342466,0.6390814227020685,5.744004964828491,27,1000,64,1e-05,0.3,0.001,256,19,60,648
10,962,25,0.25,0.7146712559397453,0.7741333333333333,0.5895001250259917,4.201879024505615,25,1000,64,1e-05,0.3,0.003,128,20,61,648
10,283,27,0.27,0.9467484666911842,0.8495687468290208,0.6735604919776761,4.454320907592773,27,1000,64,1e-05,0.3,0.003,128,20,62,648
10,165,27,0.27,0.9963180699495502,0.8239472349061391,0.6959418386012302,4.155212163925171,27,1000,64,1e-05,0.3,0.003,128,20,63,648
10,962,25,0.25,0.7146712559397453,0.7946666666666666,0.5938873762145149,5.343037843704224,25,1000,64,1e-05,0.3,0.003,256,21,64,648
10,283,27,0.27,0.9467484666911842,0.8457635717909691,0.6626377072265315,5.770592927932739,27,1000,64,1e-05,0.3,0.003,256,21,65,648
10,165,27,0.27,0.9963180699495502,0.7978183663115169,0.6808278235334653,5.718546152114868,27,1000,64,1e-05,0.3,0.003,256,21,66,648
10,962,25,0.25,0.7146712559397453,0.7816000000000001,0.605289720598116,4.363849878311157,25,1000,64,1e-05,0.3,0.005,128,22,67,648
10,283,27,0.27,0.9467484666911842,0.8366311516996449,0.6459457753453279,4.496183156967163,27,1000,64,1e-05,0.3,0.005,128,22,68,648
10,165,27,0.27,0.9963180699495502,0.9053779807204465,0.7384573921669508,4.261871099472046,27,1000,64,1e-05,0.3,0.005,128,22,69,648
10,962,25,0.25,0.7146712559397453,0.8146666666666667,0.6172023542554853,5.45120096206665,25,1000,64,1e-05,0.3,0.005,256,23,70,648
10,283,27,0.27,0.9467484666911842,0.8645357686453576,0.7211335034543225,5.77173924446106,27,1000,64,1e-05,0.3,0.005,256,23,71,648
10,165,27,0.27,0.9963180699495502,0.8658041603247082,0.755156801871411,5.6692938804626465,27,1000,64,1e-05,0.3,0.005,256,23,72,648
10,962,25,0.25,0.7146712559397453,0.5,0.25,4.193785667419434,25,1000,64,0.0001,0.1,0.001,128,24,73,648
10,283,27,0.27,0.9467484666911842,0.5,0.27,4.645761966705322,27,1000,64,0.0001,0.1,0.001,128,24,74,648
10,165,27,0.27,0.9963180699495502,0.5,0.27,4.287568807601929,27,1000,64,0.0001,0.1,0.001,128,24,75,648
10,962,25,0.25,0.7146712559397453,0.5,0.25,5.477374076843262,25,1000,64,0.0001,0.1,0.001,256,25,76,648
10,283,27,0.27,0.9467484666911842,0.5,0.27,5.7670578956604,27,1000,64,0.0001,0.1,0.001,256,25,77,648
10,165,27,0.27,0.9963180699495502,0.5,0.27,5.7356343269348145,27,1000,64,0.0001,0.1,0.001,256,25,78,648
10,962,25,0.25,0.7146712559397453,0.5,0.25,4.332856893539429,25,1000,64,0.0001,0.1,0.003,128,26,79,648
10,283,27,0.27,0.9467484666911842,0.5,0.27,4.296885967254639,27,1000,64,0.0001,0.1,0.003,128,26,80,648
10,165,27,0.27,0.9963180699495502,0.5,0.27,4.24407696723938,27,1000,64,0.0001,0.1,0.003,128,26,81,648
10,962,25,0.25,0.7146712559397453,0.5599999999999999,0.27482758620689657,5.621664047241211,25,1000,64,0.0001,0.1,0.003,256,27,82,648
10,283,27,0.27,0.9467484666911842,0.5636732623033993,0.2977820349084717,5.838015079498291,27,1000,64,0.0001,0.1,0.003,256,27,83,648
10,165,27,0.27,0.9963180699495502,0.5471841704718418,0.29016260162601626,5.639208078384399,27,1000,64,0.0001,0.1,0.003,256,27,84,648
10,962,25,0.25,0.7146712559397453,0.5666666666666667,0.2777777777777778,3.9558358192443848,25,1000,64,0.0001,0.1,0.005,128,28,85,648
10,283,27,0.27,0.9467484666911842,0.5684931506849316,0.3,4.681280851364136,27,1000,64,0.0001,0.1,0.005,128,28,86,648
10,165,27,0.27,0.9963180699495502,0.5684931506849316,0.3,4.257444143295288,27,1000,64,0.0001,0.1,0.005,128,28,87,648
10,962,25,0.25,0.7146712559397453,0.5666666666666667,0.2777777777777778,5.478456974029541,25,1000,64,0.0001,0.1,0.005,256,29,88,648
10,283,27,0.27,0.9467484666911842,0.5684931506849316,0.3,5.810389041900635,27,1000,64,0.0001,0.1,0.005,256,29,89,648
10,165,27,0.27,0.9963180699495502,0.5684931506849316,0.3,5.429343938827515,27,1000,64,0.0001,0.1,0.005,256,29,90,648
10,962,25,0.25,0.7146712559397453,0.5,0.25,4.196895122528076,25,1000,64,0.0001,0.3,0.001,128,30,91,648
10,283,27,0.27,0.9467484666911842,0.5,0.27,4.31905722618103,27,1000,64,0.0001,0.3,0.001,128,30,92,648
10,165,27,0.27,0.9963180699495502,0.5,0.27,4.3925347328186035,27,1000,64,0.0001,0.3,0.001,128,30,93,648
10,962,25,0.25,0.7146712559397453,0.5,0.25,5.529477119445801,25,1000,64,0.0001,0.3,0.001,256,31,94,648
10,283,27,0.27,0.9467484666911842,0.5,0.27,5.721222162246704,27,1000,64,0.0001,0.3,0.001,256,31,95,648
10,165,27,0.27,0.9963180699495502,0.5,0.27,5.604025840759277,27,1000,64,0.0001,0.3,0.001,256,31,96,648
10,962,25,0.25,0.7146712559397453,0.5,0.25,4.453030824661255,25,1000,64,0.0001,0.3,0.003,128,32,97,648
10,283,27,0.27,0.9467484666911842,0.5,0.27,4.699958086013794,27,1000,64,0.0001,0.3,0.003,128,32,98,648
10,165,27,0.27,0.9963180699495502,0.5,0.27,4.2920098304748535,27,1000,64,0.0001,0.3,0.003,128,32,99,648
10,962,25,0.25,0.7146712559397453,0.5733333333333333,0.2808988764044944,5.633405923843384,25,1000,64,0.0001,0.3,0.003,256,33,100,648
10,283,27,0.27,0.9467484666911842,0.5383054287163876,0.28607066836951894,5.516021966934204,27,1000,64,0.0001,0.3,0.003,256,33,101,648
10,165,27,0.27,0.9963180699495502,0.5821917808219178,0.3068181818181818,5.62645697593689,27,1000,64,0.0001,0.3,0.003,256,33,102,648
10,962,25,0.25,0.7146712559397453,0.5666666666666667,0.2777777777777778,4.375408172607422,25,1000,64,0.0001,0.3,0.005,128,34,103,648
10,283,27,0.27,0.9467484666911842,0.5684931506849316,0.3,4.425457954406738,27,1000,64,0.0001,0.3,0.005,128,34,104,648
10,165,27,0.27,0.9963180699495502,0.5684931506849316,0.3,4.374004125595093,27,1000,64,0.0001,0.3,0.005,128,34,105,648
10,962,25,0.25,0.7146712559397453,0.5666666666666667,0.2777777777777778,5.61418890953064,25,1000,64,0.0001,0.3,0.005,256,35,106,648
10,283,27,0.27,0.9467484666911842,0.5684931506849316,0.3,5.595599889755249,27,1000,64,0.0001,0.3,0.005,256,35,107,648
10,165,27,0.27,0.9963180699495502,0.5684931506849316,0.3,5.751200199127197,27,1000,64,0.0001,0.3,0.005,256,35,108,648
10,962,25,0.25,0.7146712559397453,0.7858666666666666,0.5769376440902151,5.441671848297119,25,1000,128,1e-06,0.1,0.001,128,36,109,648
10,283,27,0.27,0.9467484666911842,0.8272450532724505,0.6831789000641066,5.952229022979736,27,1000,128,1e-06,0.1,0.001,128,36,110,648
10,165,27,0.27,0.9963180699495502,0.888888888888889,0.7677135981372001,5.596310138702393,27,1000,128,1e-06,0.1,0.001,128,36,111,648
10,962,25,0.25,0.7146712559397453,0.8085333333333333,0.6011023996357836,7.736497163772583,25,1000,128,1e-06,0.1,0.001,256,37,112,648
10,283,27,0.27,0.9467484666911842,0.8812785388127854,0.7124105364507598,8.408519268035889,27,1000,128,1e-06,0.1,0.001,256,37,113,648
10,165,27,0.27,0.9963180699495502,0.9167935058346017,0.7997955881233424,8.314554929733276,27,1000,128,1e-06,0.1,0.001,256,37,114,648
10,962,25,0.25,0.7146712559397453,0.8088,0.5767344133950699,5.6580469608306885,25,1000,128,1e-06,0.1,0.003,128,38,115,648
10,283,27,0.27,0.9467484666911842,0.8609842719431761,0.646175552373482,5.828348875045776,27,1000,128,1e-06,0.1,0.003,128,38,116,648
10,165,27,0.27,0.9963180699495502,0.908675799086758,0.7901089915143418,5.737666130065918,27,1000,128,1e-06,0.1,0.003,128,38,117,648
10,962,25,0.25,0.7146712559397453,0.7866666666666666,0.6054830961142806,7.956408262252808,25,1000,128,1e-06,0.1,0.003,256,39,118,648
10,283,27,0.27,0.9467484666911842,0.8734145104008119,0.6908621912257857,8.207945823669434,27,1000,128,1e-06,0.1,0.003,256,39,119,648
10,165,27,0.27,0.9963180699495502,0.9140030441400304,0.7703086483536559,7.976553916931152,27,1000,128,1e-06,0.1,0.003,256,39,120,648
10,962,25,0.25,0.7146712559397453,0.8104,0.5591299445830687,5.74716591835022,25,1000,128,1e-06,0.1,0.005,128,40,121,648
10,283,27,0.27,0.9467484666911842,0.8381532217148655,0.6279784992358607,5.995832920074463,27,1000,128,1e-06,0.1,0.005,128,40,122,648
10,165,27,0.27,0.9963180699495502,0.8952308472856418,0.7851884032913522,5.601571798324585,27,1000,128,1e-06,0.1,0.005,128,40,123,648
10,962,25,0.25,0.7146712559397453,0.7962666666666667,0.5774475743702185,7.850796937942505,25,1000,128,1e-06,0.1,0.005,256,41,124,648
10,283,27,0.27,0.9467484666911842,0.8581938102486047,0.6679741272316015,9.04003620147705,27,1000,128,1e-06,0.1,0.005,256,41,125,648
10,165,27,0.27,0.9963180699495502,0.904363267376966,0.762055998680037,7.837239027023315,27,1000,128,1e-06,0.1,0.005,256,41,126,648
10,962,25,0.25,0.7146712559397453,0.7935999999999999,0.5863121937236899,6.102129936218262,25,1000,128,1e-06,0.3,0.001,128,42,127,648
10,283,27,0.27,0.9467484666911842,0.8500761035007611,0.6993378509830458,6.143311262130737,27,1000,128,1e-06,0.3,0.001,128,42,128,648
10,165,27,0.27,0.9963180699495502,0.9058853373921867,0.781024325075304,5.896046876907349,27,1000,128,1e-06,0.3,0.001,128,42,129,648
10,962,25,0.25,0.7146712559397453,0.8085333333333333,0.6119655529655531,7.87285304069519,25,1000,128,1e-06,0.3,0.001,256,43,130,648
10,283,27,0.27,0.9467484666911842,0.8817858954845256,0.7117797394745753,8.28502607345581,27,1000,128,1e-06,0.3,0.001,256,43,131,648
10,165,27,0.27,0.9963180699495502,0.9190766108574328,0.8019290011474918,7.974268198013306,27,1000,128,1e-06,0.3,0.001,256,43,132,648
10,962,25,0.25,0.7146712559397453,0.8069333333333333,0.575706135105666,5.822487115859985,25,1000,128,1e-06,0.3,0.003,128,44,133,648
10,283,27,0.27,0.9467484666911842,0.8625063419583968,0.6628688437484478,5.674214124679565,27,1000,128,1e-06,0.3,0.003,128,44,134,648
10,165,27,0.27,0.9963180699495502,0.9074074074074074,0.7907001754633827,6.146608829498291,27,1000,128,1e-06,0.3,0.003,128,44,135,648
10,962,25,0.25,0.7146712559397453,0.7858666666666666,0.610570061752346,8.18817687034607,25,1000,128,1e-06,0.3,0.003,256,45,136,648
10,283,27,0.27,0.9467484666911842,0.8708777270421106,0.7034017662104104,7.866323947906494,27,1000,128,1e-06,0.3,0.003,256,45,137,648
10,165,27,0.27,0.9963180699495502,0.9152714358193811,0.782158151005321,8.277192115783691,27,1000,128,1e-06,0.3,0.003,256,45,138,648
10,962,25,0.25,0.7146712559397453,0.8093333333333333,0.5745658495962347,5.457507848739624,25,1000,128,1e-06,0.3,0.005,128,46,139,648
10,283,27,0.27,0.9467484666911842,0.8450025367833587,0.6346464429598272,8.946011781692505,27,1000,128,1e-06,0.3,0.005,128,46,140,648
10,165,27,0.27,0.9963180699495502,0.9036022323693557,0.790361148847234,5.8409411907196045,27,1000,128,1e-06,0.3,0.005,128,46,141,648
10,962,25,0.25,0.7146712559397453,0.8058666666666667,0.5978846533055142,7.980943202972412,25,1000,128,1e-06,0.3,0.005,256,47,142,648
10,283,27,0.27,0.9467484666911842,0.8566717402333842,0.6651857603160238,8.147578954696655,27,1000,128,1e-06,0.3,0.005,256,47,143,648
10,165,27,0.27,0.9963180699495502,0.8975139523084729,0.7593725243759711,8.53562307357788,27,1000,128,1e-06,0.3,0.005,256,47,144,648
10,962,25,0.25,0.7146712559397453,0.7373333333333333,0.5632105441885736,5.669933080673218,25,1000,128,1e-05,0.1,0.001,128,48,145,648
10,283,27,0.27,0.9467484666911842,0.8343480466768138,0.6366040397866723,6.136212110519409,27,1000,128,1e-05,0.1,0.001,128,48,146,648
10,165,27,0.27,0.9963180699495502,0.7861491628614916,0.6653677551316175,5.821753025054932,27,1000,128,1e-05,0.1,0.001,128,48,147,648
10,962,25,0.25,0.7146712559397453,0.8056,0.6187531886337265,7.944654941558838,25,1000,128,1e-05,0.1,0.001,256,49,148,648
10,283,27,0.27,0.9467484666911842,0.7688990360223237,0.5955229350682825,9.609914302825928,27,1000,128,1e-05,0.1,0.001,256,49,149,648
10,165,27,0.27,0.9963180699495502,0.769406392694064,0.6324928588798908,8.688668966293335,27,1000,128,1e-05,0.1,0.001,256,49,150,648
10,962,25,0.25,0.7146712559397453,0.8186666666666667,0.5790636729268421,5.911226749420166,25,1000,128,1e-05,0.1,0.003,128,50,151,648
10,283,27,0.27,0.9467484666911842,0.8663115169964485,0.7210614938693568,6.624768972396851,27,1000,128,1e-05,0.1,0.003,128,50,152,648
10,165,27,0.27,0.9963180699495502,0.8285134449518012,0.7193254630291561,6.804701328277588,27,1000,128,1e-05,0.1,0.003,128,50,153,648
10,962,25,0.25,0.7146712559397453,0.752,0.6148977345499086,9.25532579421997,25,1000,128,1e-05,0.1,0.003,256,51,154,648
10,283,27,0.27,0.9467484666911842,0.8018772196854389,0.6223328982153833,8.145955801010132,27,1000,128,1e-05,0.1,0.003,256,51,155,648
10,165,27,0.27,0.9963180699495502,0.7501268391679351,0.6307668762489165,8.359496831893921,27,1000,128,1e-05,0.1,0.003,256,51,156,648
10,962,25,0.25,0.7146712559397453,0.8162666666666667,0.5632743722160269,5.743334770202637,25,1000,128,1e-05,0.1,0.005,128,52,157,648
10,283,27,0.27,0.9467484666911842,0.8493150684931506,0.6772521242358904,7.495277166366577,27,1000,128,1e-05,0.1,0.005,128,52,158,648
10,165,27,0.27,0.9963180699495502,0.9127346524606799,0.7837841006777522,6.570346832275391,27,1000,128,1e-05,0.1,0.005,128,52,159,648
10,962,25,0.25,0.7146712559397453,0.7866666666666667,0.6039540294621254,9.405986070632935,25,1000,128,1e-05,0.1,0.005,256,53,160,648
10,283,27,0.27,0.9467484666911842,0.8635210553018772,0.7090056521343071,9.550476789474487,27,1000,128,1e-05,0.1,0.005,256,53,161,648
10,165,27,0.27,0.9963180699495502,0.8645357686453576,0.7251016506736407,9.215418815612793,27,1000,128,1e-05,0.1,0.005,256,53,162,648
10,962,25,0.25,0.7146712559397453,0.7288,0.5497822333611808,6.939470052719116,25,1000,128,1e-05,0.3,0.001,128,54,163,648
10,283,27,0.27,0.9467484666911842,0.8165905631659056,0.6171549105278591,7.4921417236328125,27,1000,128,1e-05,0.3,0.001,128,54,164,648
10,165,27,0.27,0.9963180699495502,0.7349061390157281,0.612092886537331,6.815713167190552,27,1000,128,1e-05,0.3,0.001,128,54,165,648
10,962,25,0.25,0.7146712559397453,0.792,0.6055735571617925,9.377355098724365,25,1000,128,1e-05,0.3,0.001,256,55,166,648
10,283,27,0.27,0.9467484666911842,0.7465753424657535,0.579282133110778,9.003381729125977,27,1000,128,1e-05,0.3,0.001,256,55,167,648
10,165,27,0.27,0.9963180699495502,0.7262810755961441,0.6010994832418064,9.809289932250977,27,1000,128,1e-05,0.3,0.001,256,55,168,648
10,962,25,0.25,0.7146712559397453,0.8165333333333333,0.539942111196506,5.852349758148193,25,1000,128,1e-05,0.3,0.003,128,56,169,648
10,283,27,0.27,0.9467484666911842,0.8658041603247083,0.7000861946853801,8.228132009506226,27,1000,128,1e-05,0.3,0.003,128,56,170,648
10,165,27,0.27,0.9963180699495502,0.8340943683409437,0.7252693545258861,8.301628828048706,27,1000,128,1e-05,0.3,0.003,128,56,171,648
10,962,25,0.25,0.7146712559397453,0.7522666666666666,0.6149899392245213,10.661104202270508,25,1000,128,1e-05,0.3,0.003,256,57,172,648
10,283,27,0.27,0.9467484666911842,0.8077118214104516,0.6275831176029993,11.97055196762085,27,1000,128,1e-05,0.3,0.003,256,57,173,648
10,165,27,0.27,0.9963180699495502,0.7772704211060376,0.64250539796076,11.642321109771729,27,1000,128,1e-05,0.3,0.003,256,57,174,648
10,962,25,0.25,0.7146712559397453,0.8221333333333334,0.5725244568302765,8.233018159866333,25,1000,128,1e-05,0.3,0.005,128,58,175,648
10,283,27,0.27,0.9467484666911842,0.8538812785388128,0.6861974593477262,9.283127784729004,27,1000,128,1e-05,0.3,0.005,128,58,176,648
10,165,27,0.27,0.9963180699495502,0.91324200913242,0.7793356860452649,7.2296648025512695,27,1000,128,1e-05,0.3,0.005,128,58,177,648
10,962,25,0.25,0.7146712559397453,0.8048,0.6170043623196646,9.015341997146606,25,1000,128,1e-05,0.3,0.005,256,59,178,648
10,283,27,0.27,0.9467484666911842,0.8663115169964486,0.7140332618357714,10.071348905563354,27,1000,128,1e-05,0.3,0.005,256,59,179,648
10,165,27,0.27,0.9963180699495502,0.9117199391171994,0.7846313512448586,9.2203049659729,27,1000,128,1e-05,0.3,0.005,256,59,180,648
10,962,25,0.25,0.7146712559397453,0.5,0.25,5.8470752239227295,25,1000,128,0.0001,0.1,0.001,128,60,181,648
10,283,27,0.27,0.9467484666911842,0.5,0.27,6.203825950622559,27,1000,128,0.0001,0.1,0.001,128,60,182,648
10,165,27,0.27,0.9963180699495502,0.5,0.27,6.429351806640625,27,1000,128,0.0001,0.1,0.001,128,60,183,648
10,962,25,0.25,0.7146712559397453,0.5,0.25,8.667640924453735,25,1000,128,0.0001,0.1,0.001,256,61,184,648
10,283,27,0.27,0.9467484666911842,0.5,0.27,10.32138180732727,27,1000,128,0.0001,0.1,0.001,256,61,185,648
10,165,27,0.27,0.9963180699495502,0.5,0.27,9.845448970794678,27,1000,128,0.0001,0.1,0.001,256,61,186,648
10,962,25,0.25,0.7146712559397453,0.5,0.25,6.7326037883758545,25,1000,128,0.0001,0.1,0.003,128,62,187,648
10,283,27,0.27,0.9467484666911842,0.5,0.27,6.682522773742676,27,1000,128,0.0001,0.1,0.003,128,62,188,648
10,165,27,0.27,0.9963180699495502,0.5,0.27,7.344009160995483,27,1000,128,0.0001,0.1,0.003,128,62,189,648
10,962,25,0.25,0.7146712559397453,0.5666666666666667,0.2777777777777778,8.108526945114136,25,1000,128,0.0001,0.1,0.003,256,63,190,648
10,283,27,0.27,0.9467484666911842,0.6027397260273972,0.3176470588235294,10.352882862091064,27,1000,128,0.0001,0.1,0.003,256,63,191,648
10,165,27,0.27,0.9963180699495502,0.5451547437848807,0.28916451335055987,9.272452116012573,27,1000,128,0.0001,0.1,0.003,256,63,192,648
10,962,25,0.25,0.7146712559397453,0.5666666666666667,0.2777777777777778,6.50846791267395,25,1000,128,0.0001,0.1,0.005,128,64,193,648
10,283,27,0.27,0.9467484666911842,0.5342465753424658,0.3,6.717882871627808,27,1000,128,0.0001,0.1,0.005,128,64,194,648
10,165,27,0.27,0.9963180699495502,0.5684931506849316,0.3,6.7438318729400635,27,1000,128,0.0001,0.1,0.005,128,64,195,648
10,962,25,0.25,0.7146712559397453,0.5666666666666667,0.2777777777777778,9.341912031173706,25,1000,128,0.0001,0.1,0.005,256,65,196,648
10,283,27,0.27,0.9467484666911842,0.5684931506849316,0.3,10.542789936065674,27,1000,128,0.0001,0.1,0.005,256,65,197,648
10,165,27,0.27,0.9963180699495502,0.5684931506849316,0.3,8.60360312461853,27,1000,128,0.0001,0.1,0.005,256,65,198,648
10,962,25,0.25,0.7146712559397453,0.5,0.25,6.523053884506226,25,1000,128,0.0001,0.3,0.001,128,66,199,648
10,283,27,0.27,0.9467484666911842,0.5,0.27,5.966176748275757,27,1000,128,0.0001,0.3,0.001,128,66,200,648
10,165,27,0.27,0.9963180699495502,0.5,0.27,6.651344060897827,27,1000,128,0.0001,0.3,0.001,128,66,201,648
10,962,25,0.25,0.7146712559397453,0.5,0.25,9.817435026168823,25,1000,128,0.0001,0.3,0.001,256,67,202,648
10,283,27,0.27,0.9467484666911842,0.5,0.27,8.382725954055786,27,1000,128,0.0001,0.3,0.001,256,67,203,648
10,165,27,0.27,0.9963180699495502,0.5,0.27,9.332088708877563,27,1000,128,0.0001,0.3,0.001,256,67,204,648
10,962,25,0.25,0.7146712559397453,0.5,0.25,7.805668115615845,25,1000,128,0.0001,0.3,0.003,128,68,205,648
10,283,27,0.27,0.9467484666911842,0.5,0.27,6.128141164779663,27,1000,128,0.0001,0.3,0.003,128,68,206,648
10,165,27,0.27,0.9963180699495502,0.5,0.27,6.886553764343262,27,1000,128,0.0001,0.3,0.003,128,68,207,648
10,962,25,0.25,0.7146712559397453,0.5666666666666667,0.2777777777777778,9.316399097442627,25,1000,128,0.0001,0.3,0.003,256,69,208,648
10,283,27,0.27,0.9467484666911842,0.5705225773718925,0.30112833763996555,8.554361820220947,27,1000,128,0.0001,0.3,0.003,256,69,209,648
10,165,27,0.27,0.9963180699495502,0.5684931506849316,0.3,10.767578840255737,27,1000,128,0.0001,0.3,0.003,256,69,210,648
10,962,25,0.25,0.7146712559397453,0.5666666666666667,0.2777777777777778,7.20604681968689,25,1000,128,0.0001,0.3,0.005,128,70,211,648
10,283,27,0.27,0.9467484666911842,0.5684931506849316,0.3,5.691510915756226,27,1000,128,0.0001,0.3,0.005,128,70,212,648
10,165,27,0.27,0.9963180699495502,0.5684931506849316,0.3,5.9339399337768555,27,1000,128,0.0001,0.3,0.005,128,70,213,648
10,962,25,0.25,0.7146712559397453,0.5666666666666667,0.2777777777777778,8.279407978057861,25,1000,128,0.0001,0.3,0.005,256,71,214,648
10,283,27,0.27,0.9467484666911842,0.5684931506849316,0.3,8.103877782821655,27,1000,128,0.0001,0.3,0.005,256,71,215,648
10,165,27,0.27,0.9963180699495502,0.5684931506849316,0.3,8.053409099578857,27,1000,128,0.0001,0.3,0.005,256,71,216,648
10,962,25,0.25,0.7146712559397453,0.8005333333333332,0.6152130694504844,8.367191076278687,25,2000,64,1e-06,0.1,0.001,128,72,217,648
10,283,27,0.27,0.9467484666911842,0.8716387620497209,0.7247433741215701,8.837262153625488,27,2000,64,1e-06,0.1,0.001,128,72,218,648
10,165,27,0.27,0.9963180699495502,0.9099441907661087,0.7929552378555969,9.003597974777222,27,2000,64,1e-06,0.1,0.001,128,72,219,648
10,962,25,0.25,0.7146712559397453,0.8445333333333332,0.6144896058827934,11.989012956619263,25,2000,64,1e-06,0.1,0.001,256,73,220,648
10,283,27,0.27,0.9467484666911842,0.8855910705225774,0.7402079181979554,12.04210090637207,27,2000,64,1e-06,0.1,0.001,256,73,221,648
10,165,27,0.27,0.9963180699495502,0.9165398274987316,0.7893376819631965,12.011838912963867,27,2000,64,1e-06,0.1,0.001,256,73,222,648
10,962,25,0.25,0.7146712559397453,0.7776000000000001,0.5745255653047392,9.080687284469604,25,2000,64,1e-06,0.1,0.003,128,74,223,648
10,283,27,0.27,0.9467484666911842,0.8008625063419584,0.6471872497651143,8.92010498046875,27,2000,64,1e-06,0.1,0.003,128,74,224,648
10,165,27,0.27,0.9963180699495502,0.888888888888889,0.8089247417944632,9.27163028717041,27,2000,64,1e-06,0.1,0.003,128,74,225,648
10,962,25,0.25,0.7146712559397453,0.7693333333333332,0.5452064788355035,11.422032117843628,25,2000,64,1e-06,0.1,0.003,256,75,226,648
10,283,27,0.27,0.9467484666911842,0.832572298325723,0.6600940033326235,12.634780168533325,27,2000,64,1e-06,0.1,0.003,256,75,227,648
10,165,27,0.27,0.9963180699495502,0.8376458650431253,0.752272992117986,12.348402261734009,27,2000,64,1e-06,0.1,0.003,256,75,228,648
10,962,25,0.25,0.7146712559397453,0.8037333333333332,0.6300073891287086,9.299505949020386,25,2000,64,1e-06,0.1,0.005,128,76,229,648
10,283,27,0.27,0.9467484666911842,0.8325722983257229,0.6908513345019192,9.621241807937622,27,2000,64,1e-06,0.1,0.005,128,76,230,648
10,165,27,0.27,0.9963180699495502,0.8645357686453576,0.7776121633274564,10.807507276535034,27,2000,64,1e-06,0.1,0.005,128,76,231,648
10,962,25,0.25,0.7146712559397453,0.7714666666666667,0.5603362504624007,12.729498147964478,25,2000,64,1e-06,0.1,0.005,256,77,232,648
10,283,27,0.27,0.9467484666911842,0.7851344495180111,0.5091069303137475,11.614593029022217,27,2000,64,1e-06,0.1,0.005,256,77,233,648
10,165,27,0.27,0.9963180699495502,0.8239472349061391,0.7109220631166735,12.189979076385498,27,2000,64,1e-06,0.1,0.005,256,77,234,648
10,962,25,0.25,0.7146712559397453,0.7984000000000001,0.612108151862848,9.361316680908203,25,2000,64,1e-06,0.3,0.001,128,78,235,648
10,283,27,0.27,0.9467484666911842,0.8762049720953831,0.7320746598676069,10.031429767608643,27,2000,64,1e-06,0.3,0.001,128,78,236,648
10,165,27,0.27,0.9963180699495502,0.9124809741248098,0.7988318034757522,9.7604398727417,27,2000,64,1e-06,0.3,0.001,128,78,237,648
10,962,25,0.25,0.7146712559397453,0.8469333333333333,0.6234827327034697,14.78568434715271,25,2000,64,1e-06,0.3,0.001,256,79,238,648
10,283,27,0.27,0.9467484666911842,0.8741755454084221,0.7315514781063986,15.562663793563843,27,2000,64,1e-06,0.3,0.001,256,79,239,648
10,165,27,0.27,0.9963180699495502,0.9084221207508879,0.7908978210634958,16.208953857421875,27,2000,64,1e-06,0.3,0.001,256,79,240,648
10,962,25,0.25,0.7146712559397453,0.7768,0.5934041612147145,13.34691596031189,25,2000,64,1e-06,0.3,0.003,128,80,241,648
10,283,27,0.27,0.9467484666911842,0.8049213597158803,0.5888389280362437,11.129714965820312,27,2000,64,1e-06,0.3,0.003,128,80,242,648
10,165,27,0.27,0.9963180699495502,0.8855910705225774,0.8193662954123544,12.153594970703125,27,2000,64,1e-06,0.3,0.003,128,80,243,648
10,962,25,0.25,0.7146712559397453,0.8037333333333333,0.5742661989028836,15.75173282623291,25,2000,64,1e-06,0.3,0.003,256,81,244,648
10,283,27,0.27,0.9467484666911842,0.8488077118214105,0.6799143542434292,16.83714509010315,27,2000,64,1e-06,0.3,0.003,256,81,245,648
10,165,27,0.27,0.9963180699495502,0.8181126331811264,0.7459119460696444,15.909080266952515,27,2000,64,1e-06,0.3,0.003,256,81,246,648
10,962,25,0.25,0.7146712559397453,0.7981333333333334,0.599460020602811,11.869381189346313,25,2000,64,1e-06,0.3,0.005,128,82,247,648
10,283,27,0.27,0.9467484666911842,0.8135464231354643,0.6076826722866908,10.929956912994385,27,2000,64,1e-06,0.3,0.005,128,82,248,648
10,165,27,0.27,0.9963180699495502,0.8518518518518519,0.756485094183823,10.52432107925415,27,2000,64,1e-06,0.3,0.005,128,82,249,648
10,962,25,0.25,0.7146712559397453,0.7792,0.5621671546221727,13.43147897720337,25,2000,64,1e-06,0.3,0.005,256,83,250,648
10,283,27,0.27,0.9467484666911842,0.8011161846778285,0.5305605548229786,15.776116132736206,27,2000,64,1e-06,0.3,0.005,256,83,251,648
10,165,27,0.27,0.9963180699495502,0.8269913749365804,0.727099924202623,13.479955196380615,27,2000,64,1e-06,0.3,0.005,256,83,252,648
10,962,25,0.25,0.7146712559397453,0.49360000000000004,0.29063035004211474,10.505547046661377,25,2000,64,1e-05,0.1,0.001,128,84,253,648
10,283,27,0.27,0.9467484666911842,0.6798579401319127,0.5119882491089922,9.841865062713623,27,2000,64,1e-05,0.1,0.001,128,84,254,648
10,165,27,0.27,0.9963180699495502,0.6222729578893962,0.4625140183577985,10.131584882736206,27,2000,64,1e-05,0.1,0.001,128,84,255,648
10,962,25,0.25,0.7146712559397453,0.6496,0.44944640024174665,11.60913610458374,25,2000,64,1e-05,0.1,0.001,256,85,256,648
10,283,27,0.27,0.9467484666911842,0.6813800101471335,0.5309662136459521,11.891098260879517,27,2000,64,1e-05,0.1,0.001,256,85,257,648
10,165,27,0.27,0.9963180699495502,0.58675799086758,0.43951042997020007,11.969168901443481,27,2000,64,1e-05,0.1,0.001,256,85,258,648
10,962,25,0.25,0.7146712559397453,0.7794666666666666,0.56722333596637,8.372419118881226,25,2000,64,1e-05,0.1,0.003,128,86,259,648
10,283,27,0.27,0.9467484666911842,0.8054287163876205,0.6749619787204273,9.60859489440918,27,2000,64,1e-05,0.1,0.003,128,86,260,648
10,165,27,0.27,0.9963180699495502,0.684931506849315,0.540913164942203,10.301161050796509,27,2000,64,1e-05,0.1,0.003,128,86,261,648
10,962,25,0.25,0.7146712559397453,0.7557333333333334,0.5740124167763836,11.85187292098999,25,2000,64,1e-05,0.1,0.003,256,87,262,648
10,283,27,0.27,0.9467484666911842,0.8249619482496194,0.6219273037605995,12.499451160430908,27,2000,64,1e-05,0.1,0.003,256,87,263,648
10,165,27,0.27,0.9963180699495502,0.7338914256722476,0.5770858402484318,14.58866834640503,27,2000,64,1e-05,0.1,0.003,256,87,264,648
10,962,25,0.25,0.7146712559397453,0.8255999999999999,0.6619656813011191,9.949326038360596,25,2000,64,1e-05,0.1,0.005,128,88,265,648
10,283,27,0.27,0.9467484666911842,0.854388635210553,0.7100189398704002,10.900851011276245,27,2000,64,1e-05,0.1,0.005,128,88,266,648
10,165,27,0.27,0.9963180699495502,0.8295281582952816,0.7118005997278771,9.573270082473755,27,2000,64,1e-05,0.1,0.005,128,88,267,648
10,962,25,0.25,0.7146712559397453,0.8344,0.5719955306788154,11.868223905563354,25,2000,64,1e-05,0.1,0.005,256,89,268,648
10,283,27,0.27,0.9467484666911842,0.8909183155758498,0.7393844787811439,14.546267032623291,27,2000,64,1e-05,0.1,0.005,256,89,269,648
10,165,27,0.27,0.9963180699495502,0.7445459157787925,0.620985642641769,14.487825870513916,27,2000,64,1e-05,0.1,0.005,256,89,270,648
10,962,25,0.25,0.7146712559397453,0.43226666666666663,0.2489326765188834,9.44415283203125,25,2000,64,1e-05,0.3,0.001,128,90,271,648
10,283,27,0.27,0.9467484666911842,0.634703196347032,0.45435207292505764,10.333842992782593,27,2000,64,1e-05,0.3,0.001,128,90,272,648
10,165,27,0.27,0.9963180699495502,0.5753424657534246,0.43308043808043806,8.997146844863892,27,2000,64,1e-05,0.3,0.001,128,90,273,648
10,962,25,0.25,0.7146712559397453,0.6418666666666667,0.4263435907278271,12.117149114608765,25,2000,64,1e-05,0.3,0.001,256,91,274,648
10,283,27,0.27,0.9467484666911842,0.6841704718417047,0.505760175950706,13.583483219146729,27,2000,64,1e-05,0.3,0.001,256,91,275,648
10,165,27,0.27,0.9963180699495502,0.5783866057838659,0.4107726547409087,11.830405950546265,27,2000,64,1e-05,0.3,0.001,256,91,276,648
10,962,25,0.25,0.7146712559397453,0.8013333333333333,0.5800014485713566,9.263237237930298,25,2000,64,1e-05,0.3,0.003,128,92,277,648
10,283,27,0.27,0.9467484666911842,0.7902080162354135,0.6698779692761418,9.281547784805298,27,2000,64,1e-05,0.3,0.003,128,92,278,648
10,165,27,0.27,0.9963180699495502,0.7054794520547945,0.5550497912217149,9.732535123825073,27,2000,64,1e-05,0.3,0.003,128,92,279,648
10,962,25,0.25,0.7146712559397453,0.7717333333333334,0.5790824106520701,14.066664218902588,25,2000,64,1e-05,0.3,0.003,256,93,280,648
10,283,27,0.27,0.9467484666911842,0.8274987316083205,0.6292392567038976,12.566239833831787,27,2000,64,1e-05,0.3,0.003,256,93,281,648
10,165,27,0.27,0.9963180699495502,0.7303399289700659,0.5876701016747312,14.247983932495117,27,2000,64,1e-05,0.3,0.003,256,93,282,648
10,962,25,0.25,0.7146712559397453,0.8312,0.6573162758003943,10.165809154510498,25,2000,64,1e-05,0.3,0.005,128,94,283,648
10,283,27,0.27,0.9467484666911842,0.8546423135464231,0.7126898536001003,9.371701002120972,27,2000,64,1e-05,0.3,0.005,128,94,284,648
10,165,27,0.27,0.9963180699495502,0.9137493658041603,0.7692683873498476,10.182202100753784,27,2000,64,1e-05,0.3,0.005,128,94,285,648
10,962,25,0.25,0.7146712559397453,0.8349333333333334,0.5811025408528618,12.855553150177002,25,2000,64,1e-05,0.3,0.005,256,95,286,648
10,283,27,0.27,0.9467484666911842,0.8899036022323693,0.7440260714661024,13.944600820541382,27,2000,64,1e-05,0.3,0.005,256,95,287,648
10,165,27,0.27,0.9963180699495502,0.7864028411973618,0.657219819811881,12.773412942886353,27,2000,64,1e-05,0.3,0.005,256,95,288,648
10,962,25,0.25,0.7146712559397453,0.5,0.25,9.044299125671387,25,2000,64,0.0001,0.1,0.001,128,96,289,648
10,283,27,0.27,0.9467484666911842,0.5,0.27,9.089725017547607,27,2000,64,0.0001,0.1,0.001,128,96,290,648
10,165,27,0.27,0.9963180699495502,0.5,0.27,9.902279138565063,27,2000,64,0.0001,0.1,0.001,128,96,291,648
10,962,25,0.25,0.7146712559397453,0.5,0.25,11.383814811706543,25,2000,64,0.0001,0.1,0.001,256,97,292,648
10,283,27,0.27,0.9467484666911842,0.5,0.27,13.666138172149658,27,2000,64,0.0001,0.1,0.001,256,97,293,648
10,165,27,0.27,0.9963180699495502,0.5,0.27,13.325778007507324,27,2000,64,0.0001,0.1,0.001,256,97,294,648
10,962,25,0.25,0.7146712559397453,0.5,0.25,8.795137882232666,25,2000,64,0.0001,0.1,0.003,128,98,295,648
10,283,27,0.27,0.9467484666911842,0.5,0.27,10.295084714889526,27,2000,64,0.0001,0.1,0.003,128,98,296,648
10,165,27,0.27,0.9963180699495502,0.5,0.27,10.083014726638794,27,2000,64,0.0001,0.1,0.003,128,98,297,648
10,962,25,0.25,0.7146712559397453,0.5266666666666666,0.26047619047619053,15.176625728607178,25,2000,64,0.0001,0.1,0.003,256,99,298,648
10,283,27,0.27,0.9467484666911842,0.5773718924403856,0.3045533769063181,14.697192192077637,27,2000,64,0.0001,0.1,0.003,256,99,299,648
10,165,27,0.27,0.9963180699495502,0.4916286149162862,0.26675105485232065,13.889378070831299,27,2000,64,0.0001,0.1,0.003,256,99,300,648
10,962,25,0.25,0.7146712559397453,0.5666666666666667,0.2777777777777778,9.608415126800537,25,2000,64,0.0001,0.1,0.005,128,100,301,648
10,283,27,0.27,0.9467484666911842,0.5684931506849316,0.3,9.309822082519531,27,2000,64,0.0001,0.1,0.005,128,100,302,648
10,165,27,0.27,0.9963180699495502,0.5684931506849316,0.3,10.444504976272583,27,2000,64,0.0001,0.1,0.005,128,100,303,648
10,962,25,0.25,0.7146712559397453,0.5666666666666667,0.2777777777777778,13.397628784179688,25,2000,64,0.0001,0.1,0.005,256,101,304,648
10,283,27,0.27,0.9467484666911842,0.5684931506849316,0.3,14.998733043670654,27,2000,64,0.0001,0.1,0.005,256,101,305,648
10,165,27,0.27,0.9963180699495502,0.5684931506849316,0.3,11.735427141189575,27,2000,64,0.0001,0.1,0.005,256,101,306,648
10,962,25,0.25,0.7146712559397453,0.5,0.25,8.606979846954346,25,2000,64,0.0001,0.3,0.001,128,102,307,648
10,283,27,0.27,0.9467484666911842,0.5,0.27,9.12761902809143,27,2000,64,0.0001,0.3,0.001,128,102,308,648
10,165,27,0.27,0.9963180699495502,0.5,0.27,8.923348903656006,27,2000,64,0.0001,0.3,0.001,128,102,309,648
10,962,25,0.25,0.7146712559397453,0.5,0.25,11.8389892578125,25,2000,64,0.0001,0.3,0.001,256,103,310,648
10,283,27,0.27,0.9467484666911842,0.5,0.27,12.067410945892334,27,2000,64,0.0001,0.3,0.001,256,103,311,648
10,165,27,0.27,0.9963180699495502,0.5,0.27,11.901831150054932,27,2000,64,0.0001,0.3,0.001,256,103,312,648
10,962,25,0.25,0.7146712559397453,0.5,0.25,8.477952003479004,25,2000,64,0.0001,0.3,0.003,128,104,313,648
10,283,27,0.27,0.9467484666911842,0.5,0.27,9.014442920684814,27,2000,64,0.0001,0.3,0.003,128,104,314,648
10,165,27,0.27,0.9963180699495502,0.5,0.27,8.529825210571289,27,2000,64,0.0001,0.3,0.003,128,104,315,648
10,962,25,0.25,0.7146712559397453,0.5466666666666666,0.268876404494382,11.211434125900269,25,2000,64,0.0001,0.3,0.003,256,105,316,648
10,283,27,0.27,0.9467484666911842,0.5012683916793506,0.2705010893246187,12.013083934783936,27,2000,64,0.0001,0.3,0.003,256,105,317,648
10,165,27,0.27,0.9963180699495502,0.5334855403348554,0.283968253968254,11.902714014053345,27,2000,64,0.0001,0.3,0.003,256,105,318,648
10,962,25,0.25,0.7146712559397453,0.5666666666666667,0.2777777777777778,8.448720216751099,25,2000,64,0.0001,0.3,0.005,128,106,319,648
10,283,27,0.27,0.9467484666911842,0.5684931506849316,0.3,9.04674482345581,27,2000,64,0.0001,0.3,0.005,128,106,320,648
10,165,27,0.27,0.9963180699495502,0.5684931506849316,0.3,8.774815082550049,27,2000,64,0.0001,0.3,0.005,128,106,321,648
10,962,25,0.25,0.7146712559397453,0.5666666666666667,0.2777777777777778,11.455122232437134,25,2000,64,0.0001,0.3,0.005,256,107,322,648
10,283,27,0.27,0.9467484666911842,0.5684931506849316,0.3,12.34965205192566,27,2000,64,0.0001,0.3,0.005,256,107,323,648
10,165,27,0.27,0.9963180699495502,0.5684931506849316,0.3,11.742595672607422,27,2000,64,0.0001,0.3,0.005,256,107,324,648
10,962,25,0.25,0.7146712559397453,0.7885333333333333,0.5704007414000715,11.367942810058594,25,2000,128,1e-06,0.1,0.001,128,108,325,648
10,283,27,0.27,0.9467484666911842,0.8734145104008117,0.7126873268334439,12.048694849014282,27,2000,128,1e-06,0.1,0.001,128,108,326,648
10,165,27,0.27,0.9963180699495502,0.9081684424150178,0.7723544858164559,13.511250734329224,27,2000,128,1e-06,0.1,0.001,128,108,327,648
10,962,25,0.25,0.7146712559397453,0.7826666666666666,0.6190629069135398,20.50336718559265,25,2000,128,1e-06,0.1,0.001,256,109,328,648
10,283,27,0.27,0.9467484666911842,0.8444951801116185,0.6715136800484867,18.60165500640869,27,2000,128,1e-06,0.1,0.001,256,109,329,648
10,165,27,0.27,0.9963180699495502,0.8972602739726028,0.7393360712564852,16.685484170913696,27,2000,128,1e-06,0.1,0.001,256,109,330,648
10,962,25,0.25,0.7146712559397453,0.7656000000000001,0.4788799275328512,13.593900918960571,25,2000,128,1e-06,0.1,0.003,128,110,331,648
10,283,27,0.27,0.9467484666911842,0.8526128868594622,0.6333723420285539,13.7012619972229,27,2000,128,1e-06,0.1,0.003,128,110,332,648
10,165,27,0.27,0.9963180699495502,0.8860984271943175,0.755854712297426,14.219964027404785,27,2000,128,1e-06,0.1,0.003,128,110,333,648
10,962,25,0.25,0.7146712559397453,0.7549333333333333,0.6079339750446339,18.41682720184326,25,2000,128,1e-06,0.1,0.003,256,111,334,648
10,283,27,0.27,0.9467484666911842,0.767123287671233,0.579045398026649,23.032644987106323,27,2000,128,1e-06,0.1,0.003,256,111,335,648
10,165,27,0.27,0.9963180699495502,0.8198883815322171,0.6680647340613173,19.38695216178894,27,2000,128,1e-06,0.1,0.003,256,111,336,648
10,962,25,0.25,0.7146712559397453,0.7909333333333334,0.5393452941426015,13.701126098632812,25,2000,128,1e-06,0.1,0.005,128,112,337,648
10,283,27,0.27,0.9467484666911842,0.789193302891933,0.5802012880138008,17.772181034088135,27,2000,128,1e-06,0.1,0.005,128,112,338,648
10,165,27,0.27,0.9963180699495502,0.8866057838660578,0.7560481641413137,17.49209499359131,27,2000,128,1e-06,0.1,0.005,128,112,339,648
10,962,25,0.25,0.7146712559397453,0.7552,0.5107660184945121,21.99488878250122,25,2000,128,1e-06,0.1,0.005,256,113,340,648
10,283,27,0.27,0.9467484666911842,0.8143074581430745,0.5988796515193282,23.570470809936523,27,2000,128,1e-06,0.1,0.005,256,113,341,648
10,165,27,0.27,0.9963180699495502,0.8642820903094877,0.7559525139991703,18.526013135910034,27,2000,128,1e-06,0.1,0.005,256,113,342,648
10,962,25,0.25,0.7146712559397453,0.7773333333333332,0.5317834206040186,12.081820726394653,25,2000,128,1e-06,0.3,0.001,128,114,343,648
10,283,27,0.27,0.9467484666911842,0.8774733637747336,0.728098278360642,12.024003028869629,27,2000,128,1e-06,0.3,0.001,128,114,344,648
10,165,27,0.27,0.9963180699495502,0.8838153221714865,0.7629847516708224,12.418785095214844,27,2000,128,1e-06,0.3,0.001,128,114,345,648
10,962,25,0.25,0.7146712559397453,0.7906666666666666,0.6159501383174548,16.4523446559906,25,2000,128,1e-06,0.3,0.001,256,115,346,648
10,283,27,0.27,0.9467484666911842,0.837138508371385,0.6529159904952646,16.571449995040894,27,2000,128,1e-06,0.3,0.001,256,115,347,648
10,165,27,0.27,0.9963180699495502,0.8665651953323186,0.7189713593369405,17.244210720062256,27,2000,128,1e-06,0.3,0.001,256,115,348,648
10,962,25,0.25,0.7146712559397453,0.7629333333333334,0.4599445262179657,11.874478816986084,25,2000,128,1e-06,0.3,0.003,128,116,349,648
10,283,27,0.27,0.9467484666911842,0.8186199898528667,0.5977072264573523,11.916534185409546,27,2000,128,1e-06,0.3,0.003,128,116,350,648
10,165,27,0.27,0.9963180699495502,0.8665651953323186,0.7252283122841529,11.655121803283691,27,2000,128,1e-06,0.3,0.003,128,116,351,648
10,962,25,0.25,0.7146712559397453,0.7810666666666666,0.6391241835624056,16.150333881378174,25,2000,128,1e-06,0.3,0.003,256,117,352,648
10,283,27,0.27,0.9467484666911842,0.776002029426687,0.591795167542349,17.25486707687378,27,2000,128,1e-06,0.3,0.003,256,117,353,648
10,165,27,0.27,0.9963180699495502,0.8307965499746323,0.682644678428082,17.36771297454834,27,2000,128,1e-06,0.3,0.003,256,117,354,648
10,962,25,0.25,0.7146712559397453,0.7936000000000001,0.5201626630566156,12.314521074295044,25,2000,128,1e-06,0.3,0.005,128,118,355,648
10,283,27,0.27,0.9467484666911842,0.799847792998478,0.5770007724971621,13.860634088516235,27,2000,128,1e-06,0.3,0.005,128,118,356,648
10,165,27,0.27,0.9963180699495502,0.8685946220192796,0.7191735711339775,13.68496322631836,27,2000,128,1e-06,0.3,0.005,128,118,357,648
10,962,25,0.25,0.7146712559397453,0.7909333333333334,0.548005614700766,18.62804388999939,25,2000,128,1e-06,0.3,0.005,256,119,358,648
10,283,27,0.27,0.9467484666911842,0.8054287163876205,0.5691313372270033,18.423070907592773,27,2000,128,1e-06,0.3,0.005,256,119,359,648
10,165,27,0.27,0.9963180699495502,0.8330796549974632,0.7365755148698636,17.30256199836731,27,2000,128,1e-06,0.3,0.005,256,119,360,648
10,962,25,0.25,0.7146712559397453,0.476,0.2746957748134219,12.4267098903656,25,2000,128,1e-05,0.1,0.001,128,120,361,648
10,283,27,0.27,0.9467484666911842,0.6623541349568747,0.4528140869686763,11.967148065567017,27,2000,128,1e-05,0.1,0.001,128,120,362,648
10,165,27,0.27,0.9963180699495502,0.5791476407914764,0.41979719677394095,12.751099109649658,27,2000,128,1e-05,0.1,0.001,128,120,363,648
10,962,25,0.25,0.7146712559397453,0.5834666666666667,0.3352418300653595,18.40180492401123,25,2000,128,1e-05,0.1,0.001,256,121,364,648
10,283,27,0.27,0.9467484666911842,0.6689497716894978,0.4707489211969499,16.98512601852417,27,2000,128,1e-05,0.1,0.001,256,121,365,648
10,165,27,0.27,0.9963180699495502,0.5667174023338407,0.412815734989648,17.607160091400146,27,2000,128,1e-05,0.1,0.001,256,121,366,648
10,962,25,0.25,0.7146712559397453,0.7192,0.4500008970083732,12.3646719455719,25,2000,128,1e-05,0.1,0.003,128,122,367,648
10,283,27,0.27,0.9467484666911842,0.7968036529680365,0.6342854850438258,12.228051900863647,27,2000,128,1e-05,0.1,0.003,128,122,368,648
10,165,27,0.27,0.9963180699495502,0.7318619989852867,0.5729595500234268,13.697946786880493,27,2000,128,1e-05,0.1,0.003,128,122,369,648
10,962,25,0.25,0.7146712559397453,0.7669333333333334,0.6109260799033082,18.220607042312622,25,2000,128,1e-05,0.1,0.003,256,123,370,648
10,283,27,0.27,0.9467484666911842,0.7765093860984272,0.5777775909156746,16.99976897239685,27,2000,128,1e-05,0.1,0.003,256,123,371,648
10,165,27,0.27,0.9963180699495502,0.7158802638254693,0.5529600303674378,16.816755771636963,27,2000,128,1e-05,0.1,0.003,256,123,372,648
10,962,25,0.25,0.7146712559397453,0.7538666666666667,0.5168693016146766,11.667501211166382,25,2000,128,1e-05,0.1,0.005,128,124,373,648
10,283,27,0.27,0.9467484666911842,0.8866057838660579,0.7155581765274159,11.901057004928589,27,2000,128,1e-05,0.1,0.005,128,124,374,648
10,165,27,0.27,0.9963180699495502,0.9117199391171994,0.764105806222469,11.625899076461792,27,2000,128,1e-05,0.1,0.005,128,124,375,648
10,962,25,0.25,0.7146712559397453,0.8210666666666667,0.6390102596247129,16.64933204650879,25,2000,128,1e-05,0.1,0.005,256,125,376,648
10,283,27,0.27,0.9467484666911842,0.8726534753932015,0.724181945825451,18.54957604408264,27,2000,128,1e-05,0.1,0.005,256,125,377,648
10,165,27,0.27,0.9963180699495502,0.7610350076103501,0.6530987580241128,17.176918983459473,27,2000,128,1e-05,0.1,0.005,256,125,378,648
10,962,25,0.25,0.7146712559397453,0.4666666666666667,0.2658231292517007,12.303853034973145,25,2000,128,1e-05,0.3,0.001,128,126,379,648
10,283,27,0.27,0.9467484666911842,0.6202435312024352,0.4256771121499804,12.046835899353027,27,2000,128,1e-05,0.3,0.001,128,126,380,648
10,165,27,0.27,0.9963180699495502,0.563165905631659,0.39524524524524524,13.028878211975098,27,2000,128,1e-05,0.3,0.001,128,126,381,648
10,962,25,0.25,0.7146712559397453,0.5109333333333332,0.2993180965376087,17.551838874816895,25,2000,128,1e-05,0.3,0.001,256,127,382,648
10,283,27,0.27,0.9467484666911842,0.6692034500253679,0.4354792121458788,17.957773208618164,27,2000,128,1e-05,0.3,0.001,256,127,383,648
10,165,27,0.27,0.9963180699495502,0.5715372907153728,0.3735390946502058,19.010344982147217,27,2000,128,1e-05,0.3,0.001,256,127,384,648
10,962,25,0.25,0.7146712559397453,0.7061333333333333,0.440700270057432,15.551955223083496,25,2000,128,1e-05,0.3,0.003,128,128,385,648
10,283,27,0.27,0.9467484666911842,0.8830542871638762,0.7288096141978186,15.054289102554321,27,2000,128,1e-05,0.3,0.003,128,128,386,648
10,165,27,0.27,0.9963180699495502,0.73921867072552,0.594604822149625,13.32060718536377,27,2000,128,1e-05,0.3,0.003,128,128,387,648
10,962,25,0.25,0.7146712559397453,0.776,0.6379563982326371,23.649588108062744,25,2000,128,1e-05,0.3,0.003,256,129,388,648
10,283,27,0.27,0.9467484666911842,0.7727042110603755,0.5715050628864757,20.170680046081543,27,2000,128,1e-05,0.3,0.003,256,129,389,648
10,165,27,0.27,0.9963180699495502,0.7336377473363774,0.5836152687629446,19.37627410888672,27,2000,128,1e-05,0.3,0.003,256,129,390,648
10,962,25,0.25,0.7146712559397453,0.7584,0.4949772846533098,13.218642234802246,25,2000,128,1e-05,0.3,0.005,128,130,391,648
10,283,27,0.27,0.9467484666911842,0.8866057838660578,0.7203047859361609,13.712977170944214,27,2000,128,1e-05,0.3,0.005,128,130,392,648
10,165,27,0.27,0.9963180699495502,0.9084221207508879,0.7512060705891437,15.7582688331604,27,2000,128,1e-05,0.3,0.005,128,130,393,648
10,962,25,0.25,0.7146712559397453,0.8309333333333334,0.650549467710575,19.974705934524536,25,2000,128,1e-05,0.3,0.005,256,131,394,648
10,283,27,0.27,0.9467484666911842,0.8703703703703703,0.7038196697102415,18.73307991027832,27,2000,128,1e-05,0.3,0.005,256,131,395,648
10,165,27,0.27,0.9963180699495502,0.9211060375443937,0.7846463068993702,19.313897132873535,27,2000,128,1e-05,0.3,0.005,256,131,396,648
10,962,25,0.25,0.7146712559397453,0.5,0.25,12.592952013015747,25,2000,128,0.0001,0.1,0.001,128,132,397,648
10,283,27,0.27,0.9467484666911842,0.5,0.27,14.019340753555298,27,2000,128,0.0001,0.1,0.001,128,132,398,648
10,165,27,0.27,0.9963180699495502,0.5,0.27,14.59635877609253,27,2000,128,0.0001,0.1,0.001,128,132,399,648
10,962,25,0.25,0.7146712559397453,0.5,0.25,20.19214105606079,25,2000,128,0.0001,0.1,0.001,256,133,400,648
10,283,27,0.27,0.9467484666911842,0.5,0.27,20.302228927612305,27,2000,128,0.0001,0.1,0.001,256,133,401,648
10,165,27,0.27,0.9963180699495502,0.5,0.27,17.491908311843872,27,2000,128,0.0001,0.1,0.001,256,133,402,648
10,962,25,0.25,0.7146712559397453,0.5,0.25,13.689846992492676,25,2000,128,0.0001,0.1,0.003,128,134,403,648
10,283,27,0.27,0.9467484666911842,0.5,0.27,12.304986238479614,27,2000,128,0.0001,0.1,0.003,128,134,404,648
10,165,27,0.27,0.9963180699495502,0.5,0.27,11.996754169464111,27,2000,128,0.0001,0.1,0.003,128,134,405,648
10,962,25,0.25,0.7146712559397453,0.5666666666666667,0.2777777777777778,16.646185874938965,25,2000,128,0.0001,0.1,0.003,256,135,406,648
10,283,27,0.27,0.9467484666911842,0.5636732623033993,0.2977820349084717,18.55213499069214,27,2000,128,0.0001,0.1,0.003,256,135,407,648
10,165,27,0.27,0.9963180699495502,0.512937595129376,0.27521072796934865,17.381033897399902,27,2000,128,0.0001,0.1,0.003,256,135,408,648
10,962,25,0.25,0.7146712559397453,0.5666666666666667,0.2777777777777778,12.726486921310425,25,2000,128,0.0001,0.1,0.005,128,136,409,648
10,283,27,0.27,0.9467484666911842,0.5410958904109588,0.3,14.225872278213501,27,2000,128,0.0001,0.1,0.005,128,136,410,648
10,165,27,0.27,0.9963180699495502,0.5684931506849316,0.3,12.143321990966797,27,2000,128,0.0001,0.1,0.005,128,136,411,648
10,962,25,0.25,0.7146712559397453,0.5666666666666667,0.2777777777777778,18.710020065307617,25,2000,128,0.0001,0.1,0.005,256,137,412,648
10,283,27,0.27,0.9467484666911842,0.5684931506849316,0.3,22.22523069381714,27,2000,128,0.0001,0.1,0.005,256,137,413,648
10,165,27,0.27,0.9963180699495502,0.5684931506849316,0.3,19.79493284225464,27,2000,128,0.0001,0.1,0.005,256,137,414,648
10,962,25,0.25,0.7146712559397453,0.5,0.25,12.719836950302124,25,2000,128,0.0001,0.3,0.001,128,138,415,648
10,283,27,0.27,0.9467484666911842,0.5,0.27,14.51458191871643,27,2000,128,0.0001,0.3,0.001,128,138,416,648
10,165,27,0.27,0.9963180699495502,0.5,0.27,15.093483924865723,27,2000,128,0.0001,0.3,0.001,128,138,417,648
10,962,25,0.25,0.7146712559397453,0.5,0.25,19.017907857894897,25,2000,128,0.0001,0.3,0.001,256,139,418,648
10,283,27,0.27,0.9467484666911842,0.5,0.27,20.401927947998047,27,2000,128,0.0001,0.3,0.001,256,139,419,648
10,165,27,0.27,0.9963180699495502,0.5,0.27,17.911412000656128,27,2000,128,0.0001,0.3,0.001,256,139,420,648
10,962,25,0.25,0.7146712559397453,0.5,0.25,14.22151780128479,25,2000,128,0.0001,0.3,0.003,128,140,421,648
10,283,27,0.27,0.9467484666911842,0.5,0.27,17.279320240020752,27,2000,128,0.0001,0.3,0.003,128,140,422,648
10,165,27,0.27,0.9963180699495502,0.5,0.27,12.144186019897461,27,2000,128,0.0001,0.3,0.003,128,140,423,648
10,962,25,0.25,0.7146712559397453,0.5466666666666666,0.268876404494382,18.247354745864868,25,2000,128,0.0001,0.3,0.003,256,141,424,648
10,283,27,0.27,0.9467484666911842,0.5705225773718925,0.30112833763996555,17.589904308319092,27,2000,128,0.0001,0.3,0.003,256,141,425,648
10,165,27,0.27,0.9963180699495502,0.5753424657534247,0.30337078651685395,20.91697406768799,27,2000,128,0.0001,0.3,0.003,256,141,426,648
10,962,25,0.25,0.7146712559397453,0.5666666666666667,0.2777777777777778,14.87584376335144,25,2000,128,0.0001,0.3,0.005,128,142,427,648
10,283,27,0.27,0.9467484666911842,0.5684931506849316,0.3,14.484129905700684,27,2000,128,0.0001,0.3,0.005,128,142,428,648
10,165,27,0.27,0.9963180699495502,0.5684931506849316,0.3,13.033814907073975,27,2000,128,0.0001,0.3,0.005,128,142,429,648
10,962,25,0.25,0.7146712559397453,0.5666666666666667,0.2777777777777778,20.264724016189575,25,2000,128,0.0001,0.3,0.005,256,143,430,648
10,283,27,0.27,0.9467484666911842,0.5684931506849316,0.3,18.102911949157715,27,2000,128,0.0001,0.3,0.005,256,143,431,648
10,165,27,0.27,0.9963180699495502,0.5684931506849316,0.3,20.325556993484497,27,2000,128,0.0001,0.3,0.005,256,143,432,648
10,962,25,0.25,0.7146712559397453,0.6768000000000001,0.4282950925514233,26.265644788742065,25,5000,64,1e-06,0.1,0.001,128,144,433,648
10,283,27,0.27,0.9467484666911842,0.7957889396245561,0.6071861642607641,26.147905111312866,27,5000,64,1e-06,0.1,0.001,128,144,434,648
10,165,27,0.27,0.9963180699495502,0.7475900558092339,0.6279170755352939,26.010132312774658,27,5000,64,1e-06,0.1,0.001,128,144,435,648
10,962,25,0.25,0.7146712559397453,0.7298666666666666,0.5275046403728956,32.52437400817871,25,5000,64,1e-06,0.1,0.001,256,145,436,648
10,283,27,0.27,0.9467484666911842,0.6007102993404363,0.4408061591640023,31.32567000389099,27,5000,64,1e-06,0.1,0.001,256,145,437,648
10,165,27,0.27,0.9963180699495502,0.7648401826484018,0.6548494307133241,32.365927934646606,27,5000,64,1e-06,0.1,0.001,256,145,438,648
10,962,25,0.25,0.7146712559397453,0.6949333333333334,0.46825684342327145,21.24204993247986,25,5000,64,1e-06,0.1,0.003,128,146,439,648
10,283,27,0.27,0.9467484666911842,0.7813292744799595,0.5059070884671403,21.814012050628662,27,5000,64,1e-06,0.1,0.003,128,146,440,648
10,165,27,0.27,0.9963180699495502,0.802130898021309,0.6780415052283226,21.2545268535614,27,5000,64,1e-06,0.1,0.003,128,146,441,648
10,962,25,0.25,0.7146712559397453,0.7725333333333333,0.5298453662456513,28.732772827148438,25,5000,64,1e-06,0.1,0.003,256,147,442,648
10,283,27,0.27,0.9467484666911842,0.7425164890918315,0.5401771471484256,29.708815813064575,27,5000,64,1e-06,0.1,0.003,256,147,443,648
10,165,27,0.27,0.9963180699495502,0.7688990360223237,0.6935954439878942,28.405721187591553,27,5000,64,1e-06,0.1,0.003,256,147,444,648
10,962,25,0.25,0.7146712559397453,0.7517333333333334,0.5695696642409469,22.975523233413696,25,5000,64,1e-06,0.1,0.005,128,148,445,648
10,283,27,0.27,0.9467484666911842,0.8272450532724506,0.6446757490020991,22.498760223388672,27,5000,64,1e-06,0.1,0.005,128,148,446,648
10,165,27,0.27,0.9963180699495502,0.778285134449518,0.6206561105005841,21.279528856277466,27,5000,64,1e-06,0.1,0.005,128,148,447,648
10,962,25,0.25,0.7146712559397453,0.8130666666666666,0.5231204240417646,29.736050367355347,25,5000,64,1e-06,0.1,0.005,256,149,448,648
10,283,27,0.27,0.9467484666911842,0.7993404363267377,0.5575058776360912,29.77100896835327,27,5000,64,1e-06,0.1,0.005,256,149,449,648
10,165,27,0.27,0.9963180699495502,0.754185692541857,0.6172746977936472,30.605523824691772,27,5000,64,1e-06,0.1,0.005,256,149,450,648
10,962,25,0.25,0.7146712559397453,0.6861333333333333,0.4437562827986448,21.137669324874878,25,5000,64,1e-06,0.3,0.001,128,150,451,648
10,283,27,0.27,0.9467484666911842,0.7323693556570269,0.498243191683187,22.76757311820984,27,5000,64,1e-06,0.3,0.001,128,150,452,648
10,165,27,0.27,0.9963180699495502,0.6925418569254186,0.5682980566554698,22.488872051239014,27,5000,64,1e-06,0.3,0.001,128,150,453,648
10,962,25,0.25,0.7146712559397453,0.7010666666666667,0.47231523731523734,29.353228092193604,25,5000,64,1e-06,0.3,0.001,256,151,454,648
10,283,27,0.27,0.9467484666911842,0.5885337392186707,0.4288977072310406,29.595646142959595,27,5000,64,1e-06,0.3,0.001,256,151,455,648
10,165,27,0.27,0.9963180699495502,0.6983764586504313,0.5761205668321416,28.31495499610901,27,5000,64,1e-06,0.3,0.001,256,151,456,648
10,962,25,0.25,0.7146712559397453,0.7442666666666666,0.5196786584399095,22.327447175979614,25,5000,64,1e-06,0.3,0.003,128,152,457,648
10,283,27,0.27,0.9467484666911842,0.7757483510908169,0.4833189707127761,21.79286289215088,27,5000,64,1e-06,0.3,0.003,128,152,458,648
10,165,27,0.27,0.9963180699495502,0.7067478437341451,0.582428356099673,22.416544914245605,27,5000,64,1e-06,0.3,0.003,128,152,459,648
10,962,25,0.25,0.7146712559397453,0.8010666666666667,0.5394617309681826,28.901740074157715,25,5000,64,1e-06,0.3,0.003,256,153,460,648
10,283,27,0.27,0.9467484666911842,0.7889396245560629,0.5364827500320817,29.14782691001892,27,5000,64,1e-06,0.3,0.003,256,153,461,648
10,165,27,0.27,0.9963180699495502,0.7196854388635211,0.6108166496183134,29.731871128082275,27,5000,64,1e-06,0.3,0.003,256,153,462,648
10,962,25,0.25,0.7146712559397453,0.7821333333333333,0.6152365610068128,21.954482793807983,25,5000,64,1e-06,0.3,0.005,128,154,463,648
10,283,27,0.27,0.9467484666911842,0.7848807711821411,0.5714865037104959,21.874430894851685,27,5000,64,1e-06,0.3,0.005,128,154,464,648
10,165,27,0.27,0.9963180699495502,0.7278031456113649,0.5715144171581754,21.679589986801147,27,5000,64,1e-06,0.3,0.005,128,154,465,648
10,962,25,0.25,0.7146712559397453,0.8325333333333333,0.5931404896183669,29.08258581161499,25,5000,64,1e-06,0.3,0.005,256,155,466,648
10,283,27,0.27,0.9467484666911842,0.8127853881278538,0.5236100025983815,31.063671112060547,27,5000,64,1e-06,0.3,0.005,256,155,467,648
10,165,27,0.27,0.9963180699495502,0.7866565195332319,0.6305613586154932,31.19633388519287,27,5000,64,1e-06,0.3,0.005,256,155,468,648
10,962,25,0.25,0.7146712559397453,0.4645333333333333,0.25,21.471590995788574,25,5000,64,1e-05,0.1,0.001,128,156,469,648
10,283,27,0.27,0.9467484666911842,0.6040081177067479,0.4012008978675645,23.414033889770508,27,5000,64,1e-05,0.1,0.001,128,156,470,648
10,165,27,0.27,0.9963180699495502,0.4634703196347032,0.27576910243576913,21.295419216156006,27,5000,64,1e-05,0.1,0.001,128,156,471,648
10,962,25,0.25,0.7146712559397453,0.5504,0.2736559139784946,29.519129037857056,25,5000,64,1e-05,0.1,0.001,256,157,472,648
10,283,27,0.27,0.9467484666911842,0.48046676813800093,0.32240120503278397,29.640112161636353,27,5000,64,1e-05,0.1,0.001,256,157,473,648
10,165,27,0.27,0.9963180699495502,0.4728564180618975,0.26295173961840634,29.56607985496521,27,5000,64,1e-05,0.1,0.001,256,157,474,648
10,962,25,0.25,0.7146712559397453,0.6352,0.4311800837575187,22.841519832611084,25,5000,64,1e-05,0.1,0.003,128,158,475,648
10,283,27,0.27,0.9467484666911842,0.7729578893962455,0.5866310341299271,22.822643995285034,27,5000,64,1e-05,0.1,0.003,128,158,476,648
10,165,27,0.27,0.9963180699495502,0.5999492643328259,0.45004807429171556,21.222972869873047,27,5000,64,1e-05,0.1,0.003,128,158,477,648
10,962,25,0.25,0.7146712559397453,0.8064,0.599340957975633,29.399452924728394,25,5000,64,1e-05,0.1,0.003,256,159,478,648
10,283,27,0.27,0.9467484666911842,0.7803145611364789,0.5848768678118366,29.105398178100586,27,5000,64,1e-05,0.1,0.003,256,159,479,648
10,165,27,0.27,0.9963180699495502,0.5958904109589042,0.4690102175510959,30.18081307411194,27,5000,64,1e-05,0.1,0.003,256,159,480,648
10,962,25,0.25,0.7146712559397453,0.8248,0.6227549970966635,21.828036069869995,25,5000,64,1e-05,0.1,0.005,128,160,481,648
10,283,27,0.27,0.9467484666911842,0.8683409436834094,0.7109455952348057,21.531620025634766,27,5000,64,1e-05,0.1,0.005,128,160,482,648
10,165,27,0.27,0.9963180699495502,0.771689497716895,0.647691758697805,23.158446073532104,27,5000,64,1e-05,0.1,0.005,128,160,483,648
10,962,25,0.25,0.7146712559397453,0.8344,0.6206347626145386,28.772512912750244,25,5000,64,1e-05,0.1,0.005,256,161,484,648
10,283,27,0.27,0.9467484666911842,0.8604769152714358,0.7173995458023101,29.863337993621826,27,5000,64,1e-05,0.1,0.005,256,161,485,648
10,165,27,0.27,0.9963180699495502,0.6671740233384069,0.567178476328803,28.30825185775757,27,5000,64,1e-05,0.1,0.005,256,161,486,648
10,962,25,0.25,0.7146712559397453,0.39946666666666675,0.24833333333333332,22.51143193244934,25,5000,64,1e-05,0.3,0.001,128,162,487,648
10,283,27,0.27,0.9467484666911842,0.5862506341958397,0.3754823820781268,22.786091089248657,27,5000,64,1e-05,0.3,0.001,128,162,488,648
10,165,27,0.27,0.9963180699495502,0.44419076610857444,0.2496460499908776,23.828874111175537,27,5000,64,1e-05,0.3,0.001,128,162,489,648
10,962,25,0.25,0.7146712559397453,0.4709333333333333,0.2435800126502214,29.677443027496338,25,5000,64,1e-05,0.3,0.001,256,163,490,648
10,283,27,0.27,0.9467484666911842,0.5182648401826484,0.32289851924260526,31.47432017326355,27,5000,64,1e-05,0.3,0.001,256,163,491,648
10,165,27,0.27,0.9963180699495502,0.4670218163368849,0.2593827160493828,29.097088098526,27,5000,64,1e-05,0.3,0.001,256,163,492,648
10,962,25,0.25,0.7146712559397453,0.6722666666666667,0.44532716046923426,22.950622081756592,25,5000,64,1e-05,0.3,0.003,128,164,493,648
10,283,27,0.27,0.9467484666911842,0.756468797564688,0.5853875348480262,21.712255001068115,27,5000,64,1e-05,0.3,0.003,128,164,494,648
10,165,27,0.27,0.9963180699495502,0.5839675291730086,0.44032420564827973,21.747370958328247,27,5000,64,1e-05,0.3,0.003,128,164,495,648
10,962,25,0.25,0.7146712559397453,0.8090666666666667,0.5798815206796953,30.85625410079956,25,5000,64,1e-05,0.3,0.003,256,165,496,648
10,283,27,0.27,0.9467484666911842,0.7897006595636733,0.5801732492969691,28.940754890441895,27,5000,64,1e-05,0.3,0.003,256,165,497,648
10,165,27,0.27,0.9963180699495502,0.5821917808219178,0.47063722144021464,29.171441078186035,27,5000,64,1e-05,0.3,0.003,256,165,498,648
10,962,25,0.25,0.7146712559397453,0.8114666666666667,0.6281988164590468,21.790343284606934,25,5000,64,1e-05,0.3,0.005,128,166,499,648
10,283,27,0.27,0.9467484666911842,0.867326230339929,0.6864855340297394,22.6264328956604,27,5000,64,1e-05,0.3,0.005,128,166,500,648
10,165,27,0.27,0.9963180699495502,0.921867072552004,0.7914787137370967,22.903126001358032,27,5000,64,1e-05,0.3,0.005,128,166,501,648
10,962,25,0.25,0.7146712559397453,0.8351999999999999,0.6362448377802905,29.963486909866333,25,5000,64,1e-05,0.3,0.005,256,167,502,648
10,283,27,0.27,0.9467484666911842,0.8579401319127345,0.7070616739503137,30.209966897964478,27,5000,64,1e-05,0.3,0.005,256,167,503,648
10,165,27,0.27,0.9963180699495502,0.7546930492135971,0.6218467512719952,29.7646427154541,27,5000,64,1e-05,0.3,0.005,256,167,504,648
10,962,25,0.25,0.7146712559397453,0.5,0.25,22.186285972595215,25,5000,64,0.0001,0.1,0.001,128,168,505,648
10,283,27,0.27,0.9467484666911842,0.5,0.27,25.388295888900757,27,5000,64,0.0001,0.1,0.001,128,168,506,648
10,165,27,0.27,0.9963180699495502,0.5,0.27,22.552457809448242,27,5000,64,0.0001,0.1,0.001,128,168,507,648
10,962,25,0.25,0.7146712559397453,0.5,0.25,29.257147073745728,25,5000,64,0.0001,0.1,0.001,256,169,508,648
10,283,27,0.27,0.9467484666911842,0.5,0.27,29.431227922439575,27,5000,64,0.0001,0.1,0.001,256,169,509,648
10,165,27,0.27,0.9963180699495502,0.5,0.27,29.501928091049194,27,5000,64,0.0001,0.1,0.001,256,169,510,648
10,962,25,0.25,0.7146712559397453,0.5,0.25,21.612141132354736,25,5000,64,0.0001,0.1,0.003,128,170,511,648
10,283,27,0.27,0.9467484666911842,0.5,0.27,21.565088987350464,27,5000,64,0.0001,0.1,0.003,128,170,512,648
10,165,27,0.27,0.9963180699495502,0.5,0.27,21.41094708442688,27,5000,64,0.0001,0.1,0.003,128,170,513,648
10,962,25,0.25,0.7146712559397453,0.5466666666666666,0.2693846153846154,28.81728720664978,25,5000,64,0.0001,0.1,0.003,256,171,514,648
10,283,27,0.27,0.9467484666911842,0.5690005073566717,0.30148148148148146,28.639206886291504,27,5000,64,0.0001,0.1,0.003,256,171,515,648
10,165,27,0.27,0.9963180699495502,0.4880771182141045,0.2654341226472374,33.032103061676025,27,5000,64,0.0001,0.1,0.003,256,171,516,648
10,962,25,0.25,0.7146712559397453,0.5666666666666667,0.2777777777777778,24.87689232826233,25,5000,64,0.0001,0.1,0.005,128,172,517,648
10,283,27,0.27,0.9467484666911842,0.5753424657534247,0.30337078651685395,23.69351887702942,27,5000,64,0.0001,0.1,0.005,128,172,518,648
10,165,27,0.27,0.9963180699495502,0.5684931506849316,0.3,24.387351036071777,27,5000,64,0.0001,0.1,0.005,128,172,519,648
10,962,25,0.25,0.7146712559397453,0.5666666666666667,0.2777777777777778,33.42937707901001,25,5000,64,0.0001,0.1,0.005,256,173,520,648
10,283,27,0.27,0.9467484666911842,0.5684931506849316,0.3,34.56567716598511,27,5000,64,0.0001,0.1,0.005,256,173,521,648
10,165,27,0.27,0.9963180699495502,0.5684931506849316,0.3,32.79056191444397,27,5000,64,0.0001,0.1,0.005,256,173,522,648
10,962,25,0.25,0.7146712559397453,0.5,0.25,27.26777720451355,25,5000,64,0.0001,0.3,0.001,128,174,523,648
10,283,27,0.27,0.9467484666911842,0.5,0.27,26.97877287864685,27,5000,64,0.0001,0.3,0.001,128,174,524,648
10,165,27,0.27,0.9963180699495502,0.5,0.27,24.84096097946167,27,5000,64,0.0001,0.3,0.001,128,174,525,648
10,962,25,0.25,0.7146712559397453,0.5,0.25,33.090429067611694,25,5000,64,0.0001,0.3,0.001,256,175,526,648
10,283,27,0.27,0.9467484666911842,0.5,0.27,32.36825394630432,27,5000,64,0.0001,0.3,0.001,256,175,527,648
10,165,27,0.27,0.9963180699495502,0.5,0.27,28.824554920196533,27,5000,64,0.0001,0.3,0.001,256,175,528,648
10,962,25,0.25,0.7146712559397453,0.5,0.25,22.034121990203857,25,5000,64,0.0001,0.3,0.003,128,176,529,648
10,283,27,0.27,0.9467484666911842,0.5,0.27,22.797632217407227,27,5000,64,0.0001,0.3,0.003,128,176,530,648
10,165,27,0.27,0.9963180699495502,0.5,0.27,24.786186933517456,27,5000,64,0.0001,0.3,0.003,128,176,531,648
10,962,25,0.25,0.7146712559397453,0.5733333333333334,0.2818840579710145,35.22776913642883,25,5000,64,0.0001,0.3,0.003,256,177,532,648
10,283,27,0.27,0.9467484666911842,0.5786402841197362,0.30608465608465607,35.61251401901245,27,5000,64,0.0001,0.3,0.003,256,177,533,648
10,165,27,0.27,0.9963180699495502,0.5512430238457636,0.29224224224224227,32.929401874542236,27,5000,64,0.0001,0.3,0.003,256,177,534,648
10,962,25,0.25,0.7146712559397453,0.5666666666666667,0.2777777777777778,24.26774001121521,25,5000,64,0.0001,0.3,0.005,128,178,535,648
10,283,27,0.27,0.9467484666911842,0.5684931506849316,0.3,27.490692138671875,27,5000,64,0.0001,0.3,0.005,128,178,536,648
10,165,27,0.27,0.9963180699495502,0.5684931506849316,0.3,23.571821212768555,27,5000,64,0.0001,0.3,0.005,128,178,537,648
10,962,25,0.25,0.7146712559397453,0.5666666666666667,0.2777777777777778,35.033872842788696,25,5000,64,0.0001,0.3,0.005,256,179,538,648
10,283,27,0.27,0.9467484666911842,0.5684931506849316,0.3,34.87504005432129,27,5000,64,0.0001,0.3,0.005,256,179,539,648
10,165,27,0.27,0.9963180699495502,0.5684931506849316,0.3,34.56769418716431,27,5000,64,0.0001,0.3,0.005,256,179,540,648
10,962,25,0.25,0.7146712559397453,0.6176,0.3546819814172755,37.15763783454895,25,5000,128,1e-06,0.1,0.001,128,180,541,648
10,283,27,0.27,0.9467484666911842,0.6925418569254185,0.5073829117367702,33.43697214126587,27,5000,128,1e-06,0.1,0.001,128,180,542,648
10,165,27,0.27,0.9963180699495502,0.7156265854895991,0.5861999740189099,31.334661722183228,27,5000,128,1e-06,0.1,0.001,128,180,543,648
10,962,25,0.25,0.7146712559397453,0.6178666666666667,0.41216520745253393,47.287890911102295,25,5000,128,1e-06,0.1,0.001,256,181,544,648
10,283,27,0.27,0.9467484666911842,0.571537290715373,0.3677595698808789,47.7687029838562,27,5000,128,1e-06,0.1,0.001,256,181,545,648
10,165,27,0.27,0.9963180699495502,0.6902587519025875,0.5457233677763302,48.328837156295776,27,5000,128,1e-06,0.1,0.001,256,181,546,648
10,962,25,0.25,0.7146712559397453,0.6448,0.3618375254070643,35.019274950027466,25,5000,128,1e-06,0.1,0.003,128,182,547,648
10,283,27,0.27,0.9467484666911842,0.8404363267376966,0.6582359733484289,32.82539987564087,27,5000,128,1e-06,0.1,0.003,128,182,548,648
10,165,27,0.27,0.9963180699495502,0.7546930492135971,0.6176201321743511,33.19030475616455,27,5000,128,1e-06,0.1,0.003,128,182,549,648
10,962,25,0.25,0.7146712559397453,0.7205333333333332,0.5049086876700508,50.0077760219574,25,5000,128,1e-06,0.1,0.003,256,183,550,648
10,283,27,0.27,0.9467484666911842,0.6793505834601725,0.42455707151009214,46.67744302749634,27,5000,128,1e-06,0.1,0.003,256,183,551,648
10,165,27,0.27,0.9963180699495502,0.7077625570776256,0.564933741448902,43.98151397705078,27,5000,128,1e-06,0.1,0.003,256,183,552,648
10,962,25,0.25,0.7146712559397453,0.7327999999999999,0.45630984183360074,31.606891870498657,25,5000,128,1e-06,0.1,0.005,128,184,553,648
10,283,27,0.27,0.9467484666911842,0.7536783358701167,0.530735975638632,29.97161889076233,27,5000,128,1e-06,0.1,0.005,128,184,554,648
10,165,27,0.27,0.9963180699495502,0.8612379502790463,0.7432332112742864,31.036191940307617,27,5000,128,1e-06,0.1,0.005,128,184,555,648
10,962,25,0.25,0.7146712559397453,0.6976,0.4360317442596811,41.11285400390625,25,5000,128,1e-06,0.1,0.005,256,185,556,648
10,283,27,0.27,0.9467484666911842,0.7721968543886352,0.5071793114388458,43.66877889633179,27,5000,128,1e-06,0.1,0.005,256,185,557,648
10,165,27,0.27,0.9963180699495502,0.8072044647387113,0.6736205585523074,42.45891284942627,27,5000,128,1e-06,0.1,0.005,256,185,558,648
10,962,25,0.25,0.7146712559397453,0.6512,0.36431682325343245,32.37349820137024,25,5000,128,1e-06,0.3,0.001,128,186,559,648
10,283,27,0.27,0.9467484666911842,0.6481481481481481,0.4695818380402559,31.640724897384644,27,5000,128,1e-06,0.3,0.001,128,186,560,648
10,165,27,0.27,0.9963180699495502,0.732623033992897,0.5893450140339858,31.153715133666992,27,5000,128,1e-06,0.3,0.001,128,186,561,648
10,962,25,0.25,0.7146712559397453,0.5738666666666666,0.33782570275253204,42.50551414489746,25,5000,128,1e-06,0.3,0.001,256,187,562,648
10,283,27,0.27,0.9467484666911842,0.5025367833587011,0.33634773231547427,42.70337677001953,27,5000,128,1e-06,0.3,0.001,256,187,563,648
10,165,27,0.27,0.9963180699495502,0.6499238964992389,0.46699592501918086,46.438953161239624,27,5000,128,1e-06,0.3,0.001,256,187,564,648
10,962,25,0.25,0.7146712559397453,0.6370666666666667,0.36767617998439917,31.891266107559204,25,5000,128,1e-06,0.3,0.003,128,188,565,648
10,283,27,0.27,0.9467484666911842,0.7496194824961948,0.536549897998718,34.26982092857361,27,5000,128,1e-06,0.3,0.003,128,188,566,648
10,165,27,0.27,0.9963180699495502,0.730339928970066,0.579880867110854,35.4979510307312,27,5000,128,1e-06,0.3,0.003,128,188,567,648
10,962,25,0.25,0.7146712559397453,0.7576,0.5990554068557405,51.1241819858551,25,5000,128,1e-06,0.3,0.003,256,189,568,648
10,283,27,0.27,0.9467484666911842,0.649923896499239,0.39473255868076845,45.697630882263184,27,5000,128,1e-06,0.3,0.003,256,189,569,648
10,165,27,0.27,0.9963180699495502,0.7706747843734145,0.6015817739831009,50.91201591491699,27,5000,128,1e-06,0.3,0.003,256,189,570,648
10,962,25,0.25,0.7146712559397453,0.7664,0.4615940625136591,33.577950954437256,25,5000,128,1e-06,0.3,0.005,128,190,571,648
10,283,27,0.27,0.9467484666911842,0.7336377473363775,0.5223313882029441,35.061121225357056,27,5000,128,1e-06,0.3,0.005,128,190,572,648
10,165,27,0.27,0.9963180699495502,0.8632673769660071,0.7200190177125267,33.906874895095825,27,5000,128,1e-06,0.3,0.005,128,190,573,648
10,962,25,0.25,0.7146712559397453,0.7410666666666667,0.5054257405206813,48.615293979644775,25,5000,128,1e-06,0.3,0.005,256,191,574,648
10,283,27,0.27,0.9467484666911842,0.7242516489091831,0.46110239433679023,44.57088613510132,27,5000,128,1e-06,0.3,0.005,256,191,575,648
10,165,27,0.27,0.9963180699495502,0.7524099441907661,0.6400697536638602,45.09651589393616,27,5000,128,1e-06,0.3,0.005,256,191,576,648
10,962,25,0.25,0.7146712559397453,0.46906666666666663,0.2544444444444445,31.97634792327881,25,5000,128,1e-05,0.1,0.001,128,192,577,648
10,283,27,0.27,0.9467484666911842,0.561136478944698,0.3983026113671275,31.306952953338623,27,5000,128,1e-05,0.1,0.001,128,192,578,648
10,165,27,0.27,0.9963180699495502,0.42237442922374435,0.2670079883805374,36.56000280380249,27,5000,128,1e-05,0.1,0.001,128,192,579,648
10,962,25,0.25,0.7146712559397453,0.4824,0.2423809523809524,52.651387214660645,25,5000,128,1e-05,0.1,0.001,256,193,580,648
10,283,27,0.27,0.9467484666911842,0.5246067985794013,0.3314838139984339,48.86035370826721,27,5000,128,1e-05,0.1,0.001,256,193,581,648
10,165,27,0.27,0.9963180699495502,0.44419076610857433,0.25703703703703706,47.7301881313324,27,5000,128,1e-05,0.1,0.001,256,193,582,648
10,962,25,0.25,0.7146712559397453,0.5802666666666667,0.37075041006465154,34.318395137786865,25,5000,128,1e-05,0.1,0.003,128,194,583,648
10,283,27,0.27,0.9467484666911842,0.7592592592592592,0.5467105232894015,33.2070791721344,27,5000,128,1e-05,0.1,0.003,128,194,584,648
10,165,27,0.27,0.9963180699495502,0.5865043125317098,0.43189560125369414,34.363712787628174,27,5000,128,1e-05,0.1,0.003,128,194,585,648
10,962,25,0.25,0.7146712559397453,0.7629333333333335,0.5635845068356511,44.30130887031555,25,5000,128,1e-05,0.1,0.003,256,195,586,648
10,283,27,0.27,0.9467484666911842,0.776255707762557,0.54029444235967,42.618263959884644,27,5000,128,1e-05,0.1,0.003,256,195,587,648
10,165,27,0.27,0.9963180699495502,0.6146626078132927,0.44279201399218515,43.729737758636475,27,5000,128,1e-05,0.1,0.003,256,195,588,648
10,962,25,0.25,0.7146712559397453,0.6949333333333334,0.42463957873412395,38.84358096122742,25,5000,128,1e-05,0.1,0.005,128,196,589,648
10,283,27,0.27,0.9467484666911842,0.8789954337899544,0.7293318932243137,43.29016900062561,27,5000,128,1e-05,0.1,0.005,128,196,590,648
10,165,27,0.27,0.9963180699495502,0.91298833079655,0.7618555031536536,38.072877168655396,27,5000,128,1e-05,0.1,0.005,128,196,591,648
10,962,25,0.25,0.7146712559397453,0.8477333333333333,0.635000225981992,48.18690800666809,25,5000,128,1e-05,0.1,0.005,256,197,592,648
10,283,27,0.27,0.9467484666911842,0.8723997970573313,0.7083353882533625,50.62098979949951,27,5000,128,1e-05,0.1,0.005,256,197,593,648
10,165,27,0.27,0.9963180699495502,0.7577371892440385,0.6050718952542375,48.74432897567749,27,5000,128,1e-05,0.1,0.005,256,197,594,648
10,962,25,0.25,0.7146712559397453,0.3989333333333333,0.24888888888888888,35.58045530319214,25,5000,128,1e-05,0.3,0.001,128,198,595,648
10,283,27,0.27,0.9467484666911842,0.5400811770674785,0.3553846153846154,33.662322998046875,27,5000,128,1e-05,0.3,0.001,128,198,596,648
10,165,27,0.27,0.9963180699495502,0.4388635210553019,0.26779541446208116,29.731882095336914,27,5000,128,1e-05,0.3,0.001,128,198,597,648
10,962,25,0.25,0.7146712559397453,0.47786666666666666,0.24454545454545457,48.57488393783569,25,5000,128,1e-05,0.3,0.001,256,199,598,648
10,283,27,0.27,0.9467484666911842,0.47742262810755964,0.2868371546149324,49.11839008331299,27,5000,128,1e-05,0.3,0.001,256,199,599,648
10,165,27,0.27,0.9963180699495502,0.47082699137493667,0.2581481481481482,47.54676604270935,27,5000,128,1e-05,0.3,0.001,256,199,600,648
10,962,25,0.25,0.7146712559397453,0.5746666666666667,0.40237346837272814,35.31070899963379,25,5000,128,1e-05,0.3,0.003,128,200,601,648
10,283,27,0.27,0.9467484666911842,0.8860984271943176,0.7470329844198853,31.19408893585205,27,5000,128,1e-05,0.3,0.003,128,200,602,648
10,165,27,0.27,0.9963180699495502,0.5895484525621513,0.4475922256125232,30.270296096801758,27,5000,128,1e-05,0.3,0.003,128,200,603,648
10,962,25,0.25,0.7146712559397453,0.7954666666666667,0.6040012226057909,42.837323904037476,25,5000,128,1e-05,0.3,0.003,256,201,604,648
10,283,27,0.27,0.9467484666911842,0.7729578893962455,0.5973652903589896,42.35127401351929,27,5000,128,1e-05,0.3,0.003,256,201,605,648
10,165,27,0.27,0.9963180699495502,0.5915778792491121,0.4500959229239371,41.60150599479675,27,5000,128,1e-05,0.3,0.003,256,201,606,648
10,962,25,0.25,0.7146712559397453,0.7122666666666667,0.43213531944948114,29.846451997756958,25,5000,128,1e-05,0.3,0.005,128,202,607,648
10,283,27,0.27,0.9467484666911842,0.8810248604769152,0.7353770971565934,30.356583833694458,27,5000,128,1e-05,0.3,0.005,128,202,608,648
10,165,27,0.27,0.9963180699495502,0.9145104008117707,0.7566670333731411,30.658046007156372,27,5000,128,1e-05,0.3,0.005,128,202,609,648
10,962,25,0.25,0.7146712559397453,0.8522666666666666,0.6475015178370018,41.4446280002594,25,5000,128,1e-05,0.3,0.005,256,203,610,648
10,283,27,0.27,0.9467484666911842,0.8756976154236428,0.7124350064700935,42.96752691268921,27,5000,128,1e-05,0.3,0.005,256,203,611,648
10,165,27,0.27,0.9963180699495502,0.9069000507356672,0.757767785533964,42.333359718322754,27,5000,128,1e-05,0.3,0.005,256,203,612,648
10,962,25,0.25,0.7146712559397453,0.5,0.25,31.666738033294678,25,5000,128,0.0001,0.1,0.001,128,204,613,648
10,283,27,0.27,0.9467484666911842,0.5,0.27,30.75275492668152,27,5000,128,0.0001,0.1,0.001,128,204,614,648
10,165,27,0.27,0.9963180699495502,0.5,0.27,30.47149395942688,27,5000,128,0.0001,0.1,0.001,128,204,615,648
10,962,25,0.25,0.7146712559397453,0.5,0.25,43.37232208251953,25,5000,128,0.0001,0.1,0.001,256,205,616,648
10,283,27,0.27,0.9467484666911842,0.5,0.27,43.517833948135376,27,5000,128,0.0001,0.1,0.001,256,205,617,648
10,165,27,0.27,0.9963180699495502,0.5,0.27,43.10688591003418,27,5000,128,0.0001,0.1,0.001,256,205,618,648
10,962,25,0.25,0.7146712559397453,0.5,0.25,33.70186400413513,25,5000,128,0.0001,0.1,0.003,128,206,619,648
10,283,27,0.27,0.9467484666911842,0.5,0.27,36.80616903305054,27,5000,128,0.0001,0.1,0.003,128,206,620,648
10,165,27,0.27,0.9963180699495502,0.5,0.27,29.971215963363647,27,5000,128,0.0001,0.1,0.003,128,206,621,648
10,962,25,0.25,0.7146712559397453,0.5866666666666667,0.28813333333333335,47.02492094039917,25,5000,128,0.0001,0.1,0.003,256,207,622,648
10,283,27,0.27,0.9467484666911842,0.60882800608828,0.32223744292237444,55.89863300323486,27,5000,128,0.0001,0.1,0.003,256,207,623,648
10,165,27,0.27,0.9963180699495502,0.419583967529173,0.24354199269692228,49.776870250701904,27,5000,128,0.0001,0.1,0.003,256,207,624,648
10,962,25,0.25,0.7146712559397453,0.5666666666666667,0.2777777777777778,32.3954062461853,25,5000,128,0.0001,0.1,0.005,128,208,625,648
10,283,27,0.27,0.9467484666911842,0.547945205479452,0.3,32.59305810928345,27,5000,128,0.0001,0.1,0.005,128,208,626,648
10,165,27,0.27,0.9963180699495502,0.5684931506849316,0.3,32.981844902038574,27,5000,128,0.0001,0.1,0.005,128,208,627,648
10,962,25,0.25,0.7146712559397453,0.5666666666666667,0.2777777777777778,51.03595328330994,25,5000,128,0.0001,0.1,0.005,256,209,628,648
10,283,27,0.27,0.9467484666911842,0.5684931506849316,0.3,44.42997717857361,27,5000,128,0.0001,0.1,0.005,256,209,629,648
10,165,27,0.27,0.9963180699495502,0.5684931506849316,0.3,46.0098717212677,27,5000,128,0.0001,0.1,0.005,256,209,630,648
10,962,25,0.25,0.7146712559397453,0.5,0.25,39.2187340259552,25,5000,128,0.0001,0.3,0.001,128,210,631,648
10,283,27,0.27,0.9467484666911842,0.5,0.27,33.18524789810181,27,5000,128,0.0001,0.3,0.001,128,210,632,648
10,165,27,0.27,0.9963180699495502,0.5,0.27,31.72280192375183,27,5000,128,0.0001,0.3,0.001,128,210,633,648
10,962,25,0.25,0.7146712559397453,0.5,0.25,47.094754219055176,25,5000,128,0.0001,0.3,0.001,256,211,634,648
10,283,27,0.27,0.9467484666911842,0.5,0.27,48.488263845443726,27,5000,128,0.0001,0.3,0.001,256,211,635,648
10,165,27,0.27,0.9963180699495502,0.5,0.27,46.8916437625885,27,5000,128,0.0001,0.3,0.001,256,211,636,648
10,962,25,0.25,0.7146712559397453,0.5,0.25,39.51639103889465,25,5000,128,0.0001,0.3,0.003,128,212,637,648
10,283,27,0.27,0.9467484666911842,0.5,0.27,35.769498109817505,27,5000,128,0.0001,0.3,0.003,128,212,638,648
10,165,27,0.27,0.9963180699495502,0.5,0.27,31.570390939712524,27,5000,128,0.0001,0.3,0.003,128,212,639,648
10,962,25,0.25,0.7146712559397453,0.42,0.22473684210526315,52.21256899833679,25,5000,128,0.0001,0.3,0.003,256,213,640,648
10,283,27,0.27,0.9467484666911842,0.5951293759512937,0.31444444444444447,43.205074071884155,27,5000,128,0.0001,0.3,0.003,256,213,641,648
10,165,27,0.27,0.9963180699495502,0.5101471334348047,0.27407407407407414,42.43725109100342,27,5000,128,0.0001,0.3,0.003,256,213,642,648
10,962,25,0.25,0.7146712559397453,0.5666666666666667,0.2777777777777778,30.53811812400818,25,5000,128,0.0001,0.3,0.005,128,214,643,648
10,283,27,0.27,0.9467484666911842,0.5684931506849316,0.3,31.34359383583069,27,5000,128,0.0001,0.3,0.005,128,214,644,648
10,165,27,0.27,0.9963180699495502,0.5684931506849316,0.3,29.558093070983887,27,5000,128,0.0001,0.3,0.005,128,214,645,648
10,962,25,0.25,0.7146712559397453,0.5666666666666667,0.2777777777777778,42.973979234695435,25,5000,128,0.0001,0.3,0.005,256,215,646,648
10,283,27,0.27,0.9467484666911842,0.5684931506849316,0.3,44.02549386024475,27,5000,128,0.0001,0.3,0.005,256,215,647,648
10,165,27,0.27,0.9963180699495502,0.5684931506849316,0.3,46.524770975112915,27,5000,128,0.0001,0.3,0.005,256,215,648,648
