	dim1	dim2	pt
E584_623	2.2561202	-1.751366	0.7804265997490589
E323_750	-0.44590047	2.4292395	0.9397741530740276
E251_197	9.766122	2.3342147	0.2459222082810539
E622_468	-7.244665	7.592173	0.5859473023839398
E178_560	-2.0226107	8.573699	0.7013801756587202
E205_267	1.5782086	-6.4376736	0.3337515683814304
E176_431	-6.3635445	3.5224202	0.5395232120451694
E722_176	11.589208	0.12919702	0.219573400250941
E893_72	-11.250305	-6.451059	0.0890840652446675
E27_483	-3.9911733	2.1736274	0.6047678795483061
E559_343	4.2352176	1.2780449	0.4291091593475533
E505_148	1.4213563	-5.5909586	0.1844416562107904
E158_36	-12.21946	-7.0499196	0.0439146800501882
E501_256	7.2282124	-0.6195882	0.3199498117942284
E443_629	-6.6384325	-1.781018	0.7879548306148055
E271_651	10.87615	2.3060038	0.8155583437892095
E579_323	11.250926	5.3615623	0.4040150564617314
E906_149	-11.644926	-7.796395	0.1856963613550815
E889_145	10.501191	-7.736468	0.1806775407779172
E732_58	-14.868356	-7.073016	0.0715181932245922
E385_290	3.6582782	7.4731092	0.3626097867001254
E727_191	11.989239	0.8789092	0.2383939774153074
E484_9	-16.375511	-4.534627	0.0100376411543287
E947_713	-4.813456	10.251544	0.8933500627352572
E451_325	-8.213118	0.571018	0.4065244667503137
E543_708	-5.985234	-1.3172488	0.8870765370138017
E411_571	-4.2464485	-5.853803	0.7151819322459222
E58_347	9.063735	-0.35590404	0.4341279799247177
E562_413	-3.3375263	-7.2742925	0.5169385194479298
E446_650	6.8185782	6.6753106	0.8143036386449184
E751_546	6.8756285	3.3417013	0.6838143036386449
E177_373	-2.5144567	-5.568085	0.466750313676286
E242_182	-1.9063317	-7.763602	0.2271016311166875
E996_462	-4.6598854	-2.270214	0.5784190715181933
E444_468	-9.481853	3.2477264	0.5859473023839398
E122_444	3.6552505	7.766367	0.5558343789209536
E382_623	7.142652	1.0664605	0.7804265997490589
E731_532	-4.6201825	10.761939	0.6662484316185696
E236_69	-1.5636532	9.278257	0.0853199498117942
E32_630	0.79925215	-8.918368	0.7892095357590966
E496_346	4.4036613	9.606005	0.4328732747804266
E817_738	-9.116548	3.0390797	0.9247176913425345
E635_53	-12.725982	-5.819122	0.0652446675031367
E633_111	-10.822248	-7.8276157	0.13801756587202
E29_315	-1.0611029	1.0742825	0.3939774153074027
E403_50	-14.137447	-2.8212805	0.0614805520702634
E256_613	5.9070735	0.5039025	0.767879548306148
E958_217	0.7476381	2.2576377	0.2710163111668758
E623_524	1.5615087	1.7933447	0.6562107904642409
E707_484	5.8868866	-2.6964693	0.6060225846925973
E293_353	-1.2520477	6.0566177	0.4416562107904642
E164_329	-8.472278	-0.6935296	0.411543287327478
E378_122	1.107453	2.3023868	0.151819322459222
E367_666	5.3000736	8.99518	0.8343789209535759
E712_382	-9.354946	4.2181544	0.4780426599749059
E265_367	3.7822874	0.91534626	0.4592220828105395
E2_783	12.778575	1.5432777	0.9811794228356336
E569_105	-5.83392	-6.197985	0.1304893350062735
E217_792	6.5547237	-9.238383	0.9924717691342536
E373_348	-4.256355	-5.3749084	0.4353826850690088
E372_206	-0.97186357	-1.5272846	0.2572145545796738
E92_787	6.514258	-2.4490945	0.986198243412798
E364_139	2.8543344	6.879772	0.1731493099121706
E855_598	-9.882646	-2.1808739	0.7490589711417817
E267_780	8.197797	4.6034265	0.9774153074027604
E798_255	-10.2028265	4.857535	0.3186951066499373
E797_753	2.9492922	6.7383876	0.9435382685069008
E783_281	0.7602271	0.0047091236	0.3513174404015056
E189_28	-15.650197	-2.7036211	0.0338770388958594
E547_288	10.744195	-4.016321	0.3601003764115433
E195_46	-14.957306	-2.302503	0.0564617314930991
E497_379	3.9634216	3.574929	0.4742785445420326
E953_536	-8.879734	8.36386	0.671267252195734
E641_106	-11.061438	-3.9206712	0.1317440401505646
E566_643	-4.1323743	10.785175	0.8055207026348808
E808_213	-3.945695	-8.236321	0.2659974905897114
E539_376	-4.9974685	-5.7813277	0.4705144291091593
E232_144	-3.9557638	-6.6129384	0.1794228356336261
E544_79	-14.079001	-7.7255635	0.0978670012547051
E281_249	-0.54175997	2.6973877	0.3111668757841907
E233_634	6.095015	-3.3119597	0.794228356336261
E383_251	-4.7836194	7.305093	0.3136762860727729
E724_359	-2.8468192	-0.42150074	0.4491844416562108
E916_382	-6.307008	9.066816	0.4780426599749059
E585_561	5.37464	-3.8173547	0.7026348808030113
E813_673	-3.2347794	-5.6710625	0.8431618569636136
E932_351	7.0960035	4.580054	0.439146800501882
E603_373	0.15060686	10.8031645	0.466750313676286
E588_536	-5.568444	1.6638083	0.671267252195734
E789_427	3.466253	6.2503376	0.534504391468005
E289_722	12.806164	1.5856909	0.904642409033877
E55_289	-1.3559269	6.5672016	0.3613550815558344
E770_797	3.2365942	5.163711	0.998745294855709
E162_171	7.8471513	6.0590496	0.2132998745294855
E684_151	-0.8231313	8.347469	0.1882057716436637
E561_595	11.704698	-2.7270854	0.7452948557089084
E201_194	5.314718	-8.864401	0.2421580928481806
E761_270	-8.230087	0.459925	0.3375156838143036
E499_733	4.17562	10.432059	0.918444165621079
E51_317	4.0029645	6.779823	0.3964868255959849
E211_561	2.6216042	6.323551	0.7026348808030113
E79_564	-3.091354	6.8701096	0.7063989962358845
E489_321	0.011635207	-3.451732	0.4015056461731493
E89_229	-2.8790612	3.0446472	0.2860727728983689
E82_394	11.576235	0.3421975	0.493099121706399
E174_720	-3.707597	3.7032378	0.9021329987452948
E998_685	6.1920795	0.9493557	0.8582183186951067
E57_460	6.1771684	2.6670256	0.5759096612296111
E881_150	6.041037	-5.923732	0.1869510664993726
E943_459	6.4271517	3.5390167	0.5746549560853199
E696_423	-9.325905	2.8422856	0.5294855708908407
E67_136	-4.2113953	6.5851088	0.1693851944792973
E36_53	-3.0581093	-9.060856	0.0652446675031367
E426_600	10.216325	4.693967	0.7515683814303639
E844_776	-1.125128	2.1470718	0.972396486825596
E540_728	5.897693	1.4761299	0.9121706398996235
E774_539	11.145012	-4.575015	0.6750313676286073
E151_249	1.9596359	5.646179	0.3111668757841907
E934_190	-7.0531483	0.37922803	0.2371392722710163
E463_408	-1.5478766	10.137463	0.5106649937264742
E254_274	3.000058	6.0443473	0.342534504391468
E218_17	-13.833509	-5.6778307	0.0200752823086574
E784_747	-4.8724675	6.978792	0.9360100376411544
E629_206	-3.4473047	-8.578719	0.2572145545796738
E102_749	-7.253235	7.3272448	0.9385194479297364
E90_108	4.294878	-5.651382	0.1342534504391468
E615_257	-1.0945417	-2.330415	0.3212045169385194
E406_502	3.994824	-6.003234	0.6286072772898369
E753_570	10.980238	-7.5943675	0.7139272271016311
E316_18	-15.505538	-5.138267	0.0213299874529485
E60_177	4.7597356	9.347143	0.2208281053952321
E39_471	-2.0190449	5.660675	0.589711417816813
E321_82	-1.4738603	-6.0691195	0.1016311166875784
E830_528	8.157798	0.9068968	0.6612296110414053
E261_748	-10.001732	0.46101266	0.9372647427854456
E266_580	-6.7158413	-0.1715034	0.726474278544542
E326_288	7.4074183	-6.6712313	0.3601003764115433
E100_2	-16.621174	-5.27883	0.001254705144291
E513_718	7.9698954	5.134456	0.8996235884567126
E606_316	10.943981	-7.1777544	0.3952321204516938
E949_765	7.2870197	-0.6225001	0.958594730238394
E126_458	11.281044	1.4956771	0.5734002509410289
E520_475	-1.7118834	-2.9068813	0.5947302383939774
E26_772	-6.5614576	0.41709074	0.9673776662484316
E490_422	5.24525	8.187697	0.5282308657465495
E631_688	-0.5891257	-0.7846074	0.8619824341279799
E668_716	1.1774808	-6.080104	0.8971141781681304
E366_555	-9.554336	2.9052043	0.6951066499372648
E510_514	1.2100911	-6.2252536	0.64366373902133
E203_404	6.284195	-3.962989	0.5056461731493099
E612_500	-1.2978894	0.23917668	0.6260978670012547
E530_727	-4.0554476	-6.417867	0.9109159347553324
E558_113	-12.227785	-7.446895	0.1405269761606022
E838_238	11.020328	-1.7192287	0.2973651191969887
E971_618	6.4003706	0.7098499	0.7741530740276035
E410_324	5.868457	7.271467	0.4052697616060225
E972_428	4.909353	5.756142	0.5357590966122961
E875_543	2.0621378	4.2432885	0.6800501882057717
E439_725	6.3684435	-6.7741985	0.9084065244667504
E627_317	11.227366	-3.2736895	0.3964868255959849
E225_630	3.8412719	9.062879	0.7892095357590966
E728_570	1.9302018	1.1556094	0.7139272271016311
E59_581	-2.1601374	0.06836694	0.7277289836888331
E400_294	8.172905	-4.9887676	0.3676286072772898
E465_588	0.6388524	0.63900137	0.7365119196988708
E7_218	-3.8157158	8.518677	0.2722710163111669
E237_476	-1.2247052	-4.5516415	0.5959849435382685
E911_665	0.6066017	0.91624147	0.8331242158092849
E20_197	-6.491856	-2.404423	0.2459222082810539
E698_457	4.7282696	1.5236427	0.5721455457967378
E922_113	-9.04395	0.14598213	0.1405269761606022
E604_672	-7.736229	1.2461555	0.8419071518193224
E247_102	3.1337569	7.4690185	0.1267252195734002
E80_329	-3.7198277	1.6785395	0.411543287327478
E528_792	-2.3448038	4.302193	0.9924717691342536
E517_574	9.544093	7.0977826	0.7189460476787954
E6_80	-15.00061	-7.5471716	0.0991217063989962
E275_101	5.569426	6.718215	0.1254705144291091
E507_653	-0.34528774	3.942874	0.8180677540777918
E70_599	7.3194556	-4.195231	0.7503136762860728
E368_183	-1.5859029	-3.6051872	0.2283563362609786
E790_273	-5.1012545	-6.473277	0.3412797992471769
E706_124	-9.329377	-0.93169767	0.1543287327478042
E76_637	1.9468056	-5.980621	0.7979924717691342
E474_167	8.28112	5.0502377	0.2082810539523212
E468_281	-1.1241328	-10.216809	0.3513174404015056
E455_740	2.6159906	1.7195119	0.9272271016311168
E286_524	9.659741	-7.8683834	0.6562107904642409
E107_445	8.716451	0.115323275	0.5570890840652447
E263_629	-1.420908	5.8671083	0.7879548306148055
E519_276	4.854909	-2.4972389	0.3450439146800502
E714_244	-1.3513919	-6.07005	0.3048933500627352
E860_182	-2.3177724	7.9109926	0.2271016311166875
E154_636	8.033741	4.676725	0.7967377666248432
E688_445	12.234861	1.9872137	0.5570890840652447
E429_55	-11.627003	-7.4640217	0.0677540777917189
E414_703	8.120562	-1.065903	0.8808030112923463
E419_718	-3.5631676	1.3092358	0.8996235884567126
E785_46	-12.1606655	-4.838027	0.0564617314930991
E345_130	-7.7597075	6.0641627	0.1618569636135508
E925_737	11.891977	1.035891	0.9234629861982434
E832_400	6.2754235	-7.8415895	0.5006273525721455
E755_750	-9.36804	-1.6393409	0.9397741530740276
E170_411	-8.8829155	3.8696406	0.5144291091593476
E994_157	6.2513895	-1.6284276	0.1957340025094102
E763_136	11.354953	-3.8614478	0.1693851944792973
E512_159	-3.228128	8.97621	0.1982434127979924
E185_141	5.088689	-9.083096	0.1756587202007528
E747_488	9.408028	9.381007	0.6110414052697616
E567_608	1.9584782	9.586878	0.7616060225846926
E330_643	2.6414719	10.60502	0.8055207026348808
E767_245	-8.1899805	10.410438	0.3061480552070263
E594_237	4.9219074	4.0579004	0.2961104140526976
E611_301	4.8973317	-11.033	0.3764115432873274
E303_247	6.6281466	2.3327613	0.3086574654956085
E71_413	-0.06952407	-4.5410757	0.5169385194479298
E693_587	8.710374	-10.056033	0.7352572145545797
E666_144	-3.9264176	-0.27164003	0.1794228356336261
E339_339	12.132538	1.7393495	0.424090338770389
E819_600	-2.242541	-8.820607	0.7515683814303639
E304_375	2.1628406	-10.045473	0.4692597239648682
E557_780	-8.633377	7.375023	0.9774153074027604
E346_193	-1.6448647	-5.126787	0.2409033877038895
E365_552	-10.541699	4.3871655	0.6913425345043914
E404_626	-1.1107544	-3.5283499	0.7841907151819323
E801_438	-6.8879247	1.2652547	0.548306148055207
E729_268	6.953235	6.561436	0.3350062735257214
E105_59	-11.624028	-6.027806	0.0727728983688833
E930_427	7.697548	-0.05155059	0.534504391468005
E571_243	1.5322667	7.270775	0.3036386449184441
E491_286	-2.7639563	-8.471507	0.3575909661229611
E223_715	9.740996	5.0448985	0.8958594730238394
E918_547	1.5007728	-7.5091734	0.685069008782936
E93_478	5.9140615	7.918523	0.5984943538268507
E62_186	-5.1792474	-5.01483	0.2321204516938519
E442_663	3.5379708	5.2063694	0.8306148055207027
E835_598	5.012437	2.1823776	0.7490589711417817
E394_178	11.446013	3.477083	0.2220828105395232
E912_243	0.46324414	-6.3063283	0.3036386449184441
E305_711	-8.364742	-1.9058295	0.890840652446675
E333_263	6.1294465	5.2548795	0.328732747804266
E555_156	3.966165	3.017108	0.1944792973651192
E662_142	-4.6536603	-8.156414	0.1769134253450439
E773_676	4.9346614	8.015858	0.8469259723964868
E228_458	-2.8795576	-6.106359	0.5734002509410289
E708_642	-7.875097	2.7582169	0.8042659974905897
E504_161	-3.6473284	-6.254619	0.2007528230865746
E895_725	-0.1909031	6.0177875	0.9084065244667504
E803_205	1.209346	0.28535867	0.2559598494353827
E995_683	4.0069003	9.999762	0.8557089084065245
E160_493	11.022014	6.133945	0.617314930991217
E681_698	1.7148111	-4.85989	0.8745294855708908
E230_200	-0.3511614	4.998549	0.2496863237139272
E199_72	-13.881656	-7.9465094	0.0890840652446675
E235_69	-9.862225	-5.2834406	0.0853199498117942
E433_123	-3.9128103	11.95865	0.1530740276035131
E715_68	-15.784683	-3.7734344	0.0840652446675031
E719_426	2.606207	9.255159	0.533249686323714
E529_600	4.708856	0.6923281	0.7515683814303639
E204_378	-3.8642316	-3.787051	0.4730238393977415
E697_724	-0.6972311	-3.7660909	0.9071518193224593
E258_232	-5.0529	-6.071968	0.2898368883312421
E966_647	0.29449755	-7.307797	0.8105395232120451
E180_601	4.47041	7.136379	0.7528230865746549
E285_766	-2.4038382	5.465208	0.9598494353826852
E341_123	3.2010095	-4.316344	0.1530740276035131
E351_1	-16.976639	-5.2093487	0.0
E358_32	-10.438916	-5.475643	0.0388958594730238
E56_332	12.903404	-4.3556094	0.4153074027603513
E647_774	6.1463785	8.849597	0.9698870765370138
E175_189	-2.1071045	-1.9024687	0.2358845671267252
E163_216	7.533718	6.2693295	0.2697616060225847
E760_765	7.336514	0.59189904	0.958594730238394
E516_408	9.0841255	-3.6747866	0.5106649937264742
E313_205	1.1652114	-9.330849	0.2559598494353827
E453_24	-14.341577	-5.611589	0.0288582183186951
E890_414	9.408917	4.315771	0.5181932245922208
E132_376	1.0308576	6.9056897	0.4705144291091593
E306_570	6.4178743	-0.07781049	0.7139272271016311
E384_191	-2.9859135	-2.5541248	0.2383939774153074
E334_455	-9.381447	7.0329175	0.5696361355081556
E626_418	6.9477787	0.8763545	0.5232120451693852
E977_634	1.991484	-4.1302743	0.794228356336261
E227_577	-7.2596464	-6.2243533	0.7227101631116688
E899_183	-1.7449257	-2.9571455	0.2283563362609786
E307_190	-4.851402	8.595572	0.2371392722710163
E984_761	3.2377272	6.305886	0.9535759096612296
E985_435	-3.402439	-2.4972723	0.5445420326223338
E772_29	-15.098424	-5.8886933	0.0351317440401505
E34_785	-7.9342895	-0.34863007	0.9836888331242158
E494_8	-16.251472	-5.013764	0.0087829360100376
E676_628	-9.322838	4.2255883	0.7867001254705144
E999_201	-2.778941	1.5542382	0.2509410288582183
E741_301	5.677713	0.76462704	0.3764115432873274
E857_3	-16.459852	-5.4183836	0.0025094102885821
E462_718	2.2033098	-7.366292	0.8996235884567126
E674_432	4.3355517	7.228158	0.5407779171894604
E914_110	-4.331002	5.738377	0.1367628607277289
E81_58	-12.816498	-6.688928	0.0715181932245922
E839_388	9.928006	7.05729	0.4855708908406524
E397_225	7.949229	-9.078034	0.2810539523212045
E486_715	10.617909	5.2503605	0.8958594730238394
E951_658	6.576263	5.3165627	0.8243412797992472
E775_697	-3.8009691	3.2771707	0.8732747804265998
E182_619	-1.5771127	-4.873298	0.7754077791718946
E891_78	-7.094316	-3.4044597	0.096612296110414
E408_664	-0.37757996	9.957477	0.8318695106649937
E657_478	0.029674768	11.577849	0.5984943538268507
E392_240	-9.91105	1.1090301	0.2998745294855709
E806_575	5.2847295	-3.263815	0.7202007528230866
E616_532	-7.4257774	2.596907	0.6662484316185696
E532_698	7.9709554	3.705958	0.8745294855708908
E757_17	-14.217895	-4.458742	0.0200752823086574
E49_626	5.705467	-10.255082	0.7841907151819323
E829_782	12.284206	5.488245	0.9799247176913424
E725_543	-1.6856976	-3.8603134	0.6800501882057717
E754_413	-5.1925216	1.2954017	0.5169385194479298
E186_361	-2.4494305	8.34233	0.451693851944793
E685_437	-3.1882014	10.286319	0.5470514429109159
E448_728	9.632273	0.45044452	0.9121706398996235
E54_575	3.1423576	-5.6019645	0.7202007528230866
E560_488	6.329139	-3.9711387	0.6110414052697616
E438_621	12.236049	4.91009	0.7779171894604768
E735_38	-13.279996	-4.9899354	0.0464240903387703
E609_431	8.163499	-1.4563774	0.5395232120451694
E921_207	6.1322775	3.742808	0.2584692597239649
E820_330	11.455038	6.019899	0.4127979924717691
E427_224	-6.4141965	1.2912525	0.2797992471769134
E179_9	-16.146645	-4.5411406	0.0100376411543287
E979_98	3.2930336	1.2249687	0.1217063989962358
E716_722	-3.9321945	2.4183362	0.904642409033877
E371_308	8.545894	-2.309635	0.3851944792973651
E134_511	7.9130993	-6.406606	0.6398996235884568
E461_101	-3.8203819	10.571126	0.1254705144291091
E106_24	-15.023403	-6.978965	0.0288582183186951
E814_398	8.401371	7.5129037	0.4981179422835634
E216_578	5.2714458	-2.2031732	0.7239648682559598
E123_791	12.950275	-4.1163063	0.9912170639899625
E480_372	-0.029103981	3.6424003	0.465495608531995
E856_581	-8.935066	9.097341	0.7277289836888331
E146_778	-1.839277	0.24760695	0.9749058971141782
E215_204	-11.366923	-8.665418	0.2547051442910916
E658_633	-5.8046055	-8.096978	0.7929736511919699
E431_467	-1.7416952	-1.8121278	0.5846925972396487
E546_486	1.6698943	-6.3256435	0.6085319949811794
E356_372	-8.405676	6.6735625	0.465495608531995
E53_662	1.3909051	1.9558426	0.8293601003764115
E479_185	10.716875	-7.254316	0.2308657465495608
E653_679	7.3903823	4.4939723	0.8506900878293601
E670_629	10.184614	3.7804031	0.7879548306148055
E430_370	5.4704137	-9.221736	0.4629861982434128
E617_35	-14.504695	-5.397954	0.0426599749058971
E310_645	-1.5275973	-3.9489632	0.8080301129234629
E563_203	10.694218	-7.7928095	0.2534504391468005
E379_450	7.634734	-3.0685053	0.5633626097867002
E535_98	9.472319	8.340707	0.1217063989962358
E908_47	-6.2920275	-6.636545	0.0577164366373902
E473_768	9.490357	9.176384	0.9623588456712672
E960_588	4.343916	-8.715862	0.7365119196988708
E213_206	0.28764808	0.14037946	0.2572145545796738
E13_779	-10.008491	6.518606	0.9761606022584692
E556_304	-3.0930285	4.082006	0.3801756587202007
E721_435	7.1808534	-5.8638344	0.5445420326223338
E791_58	-9.765097	-0.8223754	0.0715181932245922
E344_783	2.8051465	-7.092656	0.9811794228356336
E923_167	-9.2512865	1.1946309	0.2082810539523212
E845_467	4.4873695	-3.135205	0.5846925972396487
E115_40	-8.482744	-5.022636	0.0489335006273525
E710_365	5.316609	-1.5374951	0.4567126725219573
E95_212	-4.8449793	5.4432006	0.2647427854454203
E454_68	13.81017	-0.98967373	0.0840652446675031
E758_284	-6.7411976	2.3982306	0.3550815558343789
E933_554	-5.710033	-2.29032	0.6938519447929736
E78_293	-4.6734085	8.981204	0.3663739021329987
E290_32	-15.622876	-5.7257557	0.0388958594730238
E886_591	8.519091	3.2732472	0.740276035131744
E288_528	-8.493042	2.8577142	0.6612296110414053
E121_428	7.636582	5.1817684	0.5357590966122961
E713_374	4.7499547	4.3979206	0.4680050188205771
E703_109	-10.405145	-6.699469	0.1355081555834379
E903_85	-11.729094	-6.369552	0.1053952321204517
E828_279	7.5386014	-0.3791005	0.3488080301129234
E456_340	3.3590908	-4.6365237	0.42534504391468
E570_773	11.125089	-3.4215245	0.9686323713927228
E576_90	-4.0867157	3.9897633	0.1116687578419071
E309_410	-9.543642	7.0643625	0.5131744040150564
E759_146	-5.1260133	8.767162	0.1819322459222082
E318_467	4.4162865	-5.5149875	0.5846925972396487
E257_625	-0.9822644	-2.032096	0.7829360100376411
E424_118	-7.461825	-0.48036525	0.1468005018820577
E435_598	-0.6356217	-2.934494	0.7490589711417817
E907_300	11.757334	-7.657235	0.3751568381430364
E837_189	-3.2307959	0.6453531	0.2358845671267252
E428_716	3.7736704	-4.398929	0.8971141781681304
E16_610	10.652248	0.43414912	0.7641154328732748
E887_210	4.3471284	-7.3640122	0.2622333751568381
E434_200	1.2814735	-4.7944565	0.2496863237139272
E969_69	13.470427	0.62743205	0.0853199498117942
E778_601	12.192346	-1.3602178	0.7528230865746549
E38_394	-2.2845507	-6.8501196	0.493099121706399
E418_581	-9.152698	2.0861483	0.7277289836888331
E689_494	6.9287286	-6.9438915	0.6185696361355082
E425_254	9.978778	-4.220495	0.3174404015056462
E308_21	-15.346332	-4.024681	0.0250941028858218
E942_2	-16.942305	-5.098535	0.001254705144291
E533_429	11.622493	-4.31302	0.5370138017565872
E823_704	6.2975116	-0.8047185	0.8820577164366374
E740_778	2.9202456	4.79148	0.9749058971141782
E395_495	-7.3181148	2.916478	0.6198243412797992
E892_632	1.2299733	0.8105094	0.7917189460476788
E597_795	-6.632476	4.855339	0.9962358845671268
E40_740	-2.0988307	-3.5428023	0.9272271016311168
E8_583	-3.3668723	-0.9491302	0.7302383939774153
E874_99	5.606513	-2.937255	0.1229611041405269
E131_384	6.1055098	5.9992723	0.480552070263488
E24_440	4.4694815	5.6846905	0.5508155583437893
E212_52	-12.252193	-7.2516413	0.0639899623588456
E469_779	0.30729	1.1256113	0.9761606022584692
E836_395	9.555308	-5.3591995	0.49435382685069
E172_583	2.071298	-5.366385	0.7302383939774153
E851_639	7.8884497	-3.9438498	0.8005018820577164
E331_691	-0.5568216	4.666347	0.8657465495608532
E18_785	5.289313	-3.3955088	0.9836888331242158
E771_792	8.154898	0.19583806	0.9924717691342536
E644_298	10.144143	-2.9546287	0.3726474278544542
E655_57	-6.212283	10.206973	0.0702634880803011
E853_164	-4.758476	5.7968674	0.2045169385194479
E116_562	-1.5660473	-6.5734606	0.7038895859473023
E312_43	-13.238847	-1.5918461	0.0526976160602258
E865_264	-1.2706391	4.2998056	0.3299874529485571
E632_185	12.938127	1.4240602	0.2308657465495608
E206_51	-2.2213395	3.6883416	0.0627352572145545
E482_727	-5.656894	9.371062	0.9109159347553324
E690_56	-13.368163	-7.0646152	0.06900878293601
E181_554	-8.946442	-0.5444523	0.6938519447929736
E959_538	-0.12621439	-8.379837	0.6737766624843162
E554_634	7.4232283	-7.3064675	0.794228356336261
E896_360	-6.780669	0.14357948	0.4504391468005019
E369_104	-13.398165	-7.9782815	0.1292346298619824
E470_263	-1.7685626	-0.4638002	0.328732747804266
E322_725	0.17335139	-8.002103	0.9084065244667504
E192_717	-1.7004102	7.3093486	0.8983688833124216
E476_501	6.938283	-1.6881708	0.6273525721455459
E842_94	5.0028386	-2.8603868	0.1166875784190715
E780_516	5.615425	8.303783	0.6461731493099122
E718_643	-1.0867791	0.6153503	0.8055207026348808
E682_708	6.9764647	7.77754	0.8870765370138017
E514_66	-11.070844	-7.492642	0.0815558343789209
E377_312	2.5092862	5.4804597	0.3902132998745294
E207_482	8.048516	-3.2430503	0.6035131744040151
E705_555	4.581393	-4.8557253	0.6951066499372648
E376_255	12.062182	1.1778433	0.3186951066499373
E88_372	9.7605095	-6.587266	0.465495608531995
E147_520	-7.5349026	1.6919858	0.6511919698870765
E645_266	10.740541	-1.5055294	0.3324968632371393
E776_381	-10.318583	6.43423	0.4767879548306148
E821_768	-3.9244065	-7.606412	0.9623588456712672
E405_654	-3.7010763	6.718862	0.8193224592220828
E42_207	-5.25629	-5.792931	0.2584692597239649
E764_143	0.9956506	-10.77444	0.178168130489335
E23_568	7.5210805	4.800076	0.7114178168130489
E252_180	1.775436	-8.385361	0.2245922208281054
E277_104	-10.854732	-3.6969254	0.1292346298619824
E485_251	-0.6580135	-5.334119	0.3136762860727729
E600_534	6.056141	-7.682385	0.6687578419071518
E492_152	2.5500169	-5.029668	0.1894604767879548
E963_294	6.7502165	-1.8978839	0.3676286072772898
E124_427	-4.933048	-6.8843145	0.534504391468005
E35_161	-8.573929	8.608471	0.2007528230865746
E409_213	-0.4308907	-10.134392	0.2659974905897114
E475_427	-4.664408	0.63237256	0.534504391468005
E711_234	-4.2686987	5.3644977	0.2923462986198243
E294_78	-6.536	0.516573	0.096612296110414
E14_390	-1.0531845	3.4941807	0.4880803011292346
E739_723	9.669545	5.724643	0.905897114178168
E553_685	-10.028495	6.197707	0.8582183186951067
E957_158	-4.4068303	0.29727414	0.1969887076537013
E279_337	-3.0636017	-8.83203	0.4215809284818068
E342_379	-3.3529234	5.269023	0.4742785445420326
E650_303	2.0395885	-9.982131	0.3789209535759096
E975_32	-13.656129	-4.4467373	0.0388958594730238
E989_433	0.66777927	-7.0813828	0.5420326223337516
E638_82	-2.7560232	-2.8484857	0.1016311166875784
E311_366	8.41609	4.1486144	0.4579673776662484
E238_576	12.597608	-3.6962266	0.7214554579673776
E12_233	4.2777	7.2978287	0.2910915934755332
E637_38	-13.54663	-6.4270315	0.0464240903387703
E43_201	-1.3155789	-6.9980445	0.2509410288582183
E720_193	-7.253493	2.9668484	0.2409033877038895
E506_685	8.364551	-0.75730556	0.8582183186951067
E74_431	5.8690987	-2.920546	0.5395232120451694
E253_404	11.896787	5.1987495	0.5056461731493099
E246_156	3.3572636	4.039635	0.1944792973651192
E156_37	-13.860987	-7.688381	0.0451693851944793
E209_134	4.567428	-10.158735	0.1668757841907152
E671_369	0.5808844	-10.813477	0.4617314930991217
E744_680	-5.20456	0.22735964	0.8519447929736512
E548_76	-16.441595	-6.3174944	0.0941028858218318
E61_582	1.5416934	6.180843	0.7289836888331243
E84_451	5.621758	1.8709173	0.5646173149309912
E872_30	-15.195644	-4.248082	0.0363864491844416
E542_323	-2.4686792	5.4545994	0.4040150564617314
E171_494	-0.6231109	0.22541818	0.6185696361355082
E441_214	-0.42860717	1.444162	0.2672521957340025
E983_74	2.3384187	-6.356591	0.0915934755332496
E46_99	-13.341141	-6.8320518	0.1229611041405269
E699_99	-8.843061	0.043240406	0.1229611041405269
E299_403	-9.250536	2.1444814	0.5043914680050188
E362_108	0.78572506	8.383434	0.1342534504391468
E37_60	-3.8410556	-1.324047	0.0740276035131744
E868_375	6.105115	3.9734228	0.4692597239648682
E329_693	10.930969	-4.5528464	0.8682559598494354
E897_134	5.3207507	-5.714461	0.1668757841907152
E950_793	-9.972795	6.151012	0.9937264742785444
E618_125	3.4129863	-2.1787198	0.1555834378920953
E987_103	-10.43222	0.29324624	0.1279799247176913
E262_536	1.1353098	0.32081327	0.671267252195734
E413_221	-5.414296	3.446677	0.2760351317440401
E96_411	5.9882407	2.5795527	0.5144291091593476
E738_565	5.2589045	4.607729	0.7076537013801757
E245_772	-8.939817	4.705068	0.9673776662484316
E583_728	8.140714	-4.03406	0.9121706398996235
E357_389	-4.620602	-2.6446035	0.4868255959849435
E794_469	5.623137	2.7122383	0.5872020075282308
E399_629	-3.5574155	-6.896389	0.7879548306148055
E913_618	7.198674	0.045466587	0.7741530740276035
E667_549	4.4538894	8.592242	0.6875784190715182
E109_3	-16.55699	-5.179028	0.0025094102885821
E639_229	-4.3980837	9.885533	0.2860727728983689
E450_373	0.11597867	-2.26828	0.466750313676286
E250_299	2.5036683	-5.7968106	0.3739021329987453
E113_77	-10.039134	-6.785675	0.0953575909661229
E402_483	12.169986	5.1611543	0.6047678795483061
E595_2	-16.908113	-5.1805105	0.001254705144291
E352_112	5.61965	-0.8791003	0.1392722710163111
E663_425	9.155298	-2.9771416	0.5319949811794228
E982_298	10.712466	-4.238193	0.3726474278544542
E687_484	-5.3543706	-2.5450828	0.6060225846925973
E142_421	12.318377	-0.67855924	0.5269761606022585
E471_652	-10.718352	5.7190113	0.8168130489335006
E99_509	0.24483159	-4.0901747	0.6373902132998746
E421_233	1.3160576	-3.641724	0.2910915934755332
E680_610	4.1624904	-8.271697	0.7641154328732748
E656_170	10.747604	-8.037053	0.2120451693851945
E319_161	-2.7326963	-3.7471929	0.2007528230865746
E98_205	-8.05997	-0.091578685	0.2559598494353827
E190_796	-9.347278	2.0821676	0.9974905897114178
E652_663	3.2420294	1.0741895	0.8306148055207027
E955_377	3.157376	0.87321395	0.4717691342534504
E818_192	-5.582472	-0.75306183	0.2396486825595985
E782_427	-0.7470125	6.674366	0.534504391468005
E531_617	-2.8272905	-8.039365	0.7728983688833124
E624_376	9.524542	-4.584829	0.4705144291091593
E518_792	8.441361	-10.260076	0.9924717691342536
E197_702	6.129007	-5.643734	0.8795483061480552
E746_78	-11.112031	-4.470549	0.096612296110414
E231_103	-11.370811	-2.9290955	0.1279799247176913
E993_240	-2.3352313	-9.340132	0.2998745294855709
E284_319	2.0006666	-0.29538465	0.3989962358845671
E733_121	-2.88204	8.060172	0.1505646173149309
E625_495	-4.308807	-5.208425	0.6198243412797992
E858_517	-7.6953707	-1.377626	0.6474278544542033
E526_718	2.0600338	-0.5640917	0.8996235884567126
E620_544	-3.8758707	5.215325	0.6813048933500627
E159_222	10.319673	2.4367864	0.2772898368883312
E534_183	-0.3911646	0.49394044	0.2283563362609786
E795_352	-0.17806365	-10.2856	0.4404015056461731
E422_588	-5.992179	-2.0027034	0.7365119196988708
E737_573	9.093374	4.2659283	0.7176913425345044
E898_577	-8.592744	8.775022	0.7227101631116688
E401_323	11.541687	4.889502	0.4040150564617314
E643_41	-16.393253	-6.3892593	0.0501882057716436
E487_140	-1.3696653	0.023134211	0.1744040150564617
E552_554	2.825524	-6.2154837	0.6938519447929736
E72_42	-14.233487	-5.8441067	0.0514429109159347
E766_730	5.022181	-3.0828269	0.9146800501882058
E21_487	-4.0613985	2.318177	0.6097867001254705
E952_423	5.478005	5.35344	0.5294855708908407
E777_264	-10.0358715	3.736991	0.3299874529485571
E363_583	7.5431857	2.0453146	0.7302383939774153
E812_291	9.51286	2.2022111	0.3638644918444165
E150_344	7.409146	-5.9047074	0.4303638644918444
E269_419	5.4137526	9.575382	0.5244667503136763
E876_433	-3.1960256	9.766093	0.5420326223337516
E695_755	-2.3414874	-1.8671405	0.946047678795483
E675_623	-1.9328203	-2.0577083	0.7804265997490589
E167_477	10.937763	-2.6441228	0.5972396486825596
E386_726	5.5805373	-0.5115987	0.9096612296110416
E849_376	2.3471627	-10.587521	0.4705144291091593
E165_670	5.474919	-7.616888	0.8393977415307403
E717_638	3.816023	6.3675017	0.7992471769134254
E65_776	-2.8695242	-8.763903	0.972396486825596
E234_598	9.74589	5.1234646	0.7490589711417817
E745_778	5.234624	-6.4964747	0.9749058971141782
E826_113	1.1191909	8.386452	0.1405269761606022
E752_68	-13.014876	-6.70862	0.0840652446675031
E354_255	6.9571466	1.2302146	0.3186951066499373
E423_414	7.7504663	-7.0190597	0.5181932245922208
E545_577	8.196682	7.3988028	0.7227101631116688
E155_181	-3.527566	9.448202	0.2258469259723965
E198_555	3.9357193	6.1795955	0.6951066499372648
E673_763	1.0639741	1.9517771	0.9560853199498118
E3_230	-1.2379977	7.7132397	0.2873274780426599
E704_670	-1.9995192	4.836901	0.8393977415307403
E460_344	2.7830536	-7.7329426	0.4303638644918444
E127_757	4.4822097	-1.2332376	0.9485570890840652
E374_583	1.9334719	6.6864014	0.7302383939774153
E523_336	10.8624525	7.770272	0.4203262233375157
E324_156	8.240405	4.3322906	0.1944792973651192
E9_637	-2.5948234	-1.3442477	0.7979924717691342
E166_692	-11.344354	1.851056	0.8670012547051443
E87_76	-7.428805	8.269373	0.0941028858218318
E846_64	-13.3761015	-7.286943	0.0790464240903387
E990_619	-4.4983735	-6.282707	0.7754077791718946
E5_534	8.125548	7.6364307	0.6687578419071518
E101_344	8.256677	-4.962289	0.4303638644918444
E359_549	1.1525733	-11.107038	0.6875784190715182
E200_558	-1.1240678	-4.8159013	0.698870765370138
E833_260	-6.043064	8.992916	0.3249686323713927
E508_93	-2.3493047	-8.246398	0.1154328732747804
E302_71	-11.640926	-7.0648594	0.0878293601003764
E208_269	3.9009712	8.314886	0.3362609786700125
E108_731	5.571004	9.587322	0.9159347553324968
E515_724	12.064126	2.1517105	0.9071518193224593
E347_550	-6.1214542	9.716675	0.6888331242158093
E564_38	-14.561967	-4.1843204	0.0464240903387703
E621_101	-5.8497133	1.8103783	0.1254705144291091
E756_548	1.5045811	7.1125536	0.6863237139272271
E593_550	6.187603	-2.5471582	0.6888331242158093
E965_709	-4.4917655	-2.056326	0.8883312421580929
E187_75	1.8795629	5.4671826	0.0928481806775407
E336_680	10.621733	-4.951242	0.8519447929736512
E25_798	8.887647	0.9211497	1.0
E691_43	-14.276962	-7.294336	0.0526976160602258
E85_114	-2.471742	6.4179964	0.1417816813048933
E592_247	-1.7834374	3.6503067	0.3086574654956085
E978_583	-0.038901426	4.282276	0.7302383939774153
E432_435	-10.196728	-3.4574628	0.5445420326223338
E866_6	-15.666228	-5.4631357	0.0062735257214554
E464_392	-5.045306	-5.813851	0.4905897114178168
E388_544	-1.4334768	7.410815	0.6813048933500627
E762_275	1.3728528	-1.1722293	0.3437892095357591
E537_229	-2.8332086	-2.641149	0.2860727728983689
E587_16	-13.743381	-5.949099	0.0188205771643663
E669_268	1.0409524	5.270305	0.3350062735257214
E742_555	4.0019035	-6.8736033	0.6951066499372648
E111_242	11.2829275	1.7263442	0.302383939774153
E692_482	2.3981857	-5.2037687	0.6035131744040151
E924_271	4.4160705	-7.9519315	0.3387703889585947
E648_601	4.551251	8.843717	0.7528230865746549
E283_261	-0.7888259	-1.2202759	0.3262233375156838
E224_655	4.620704	-9.499288	0.820577164366374
E931_546	-1.5833623	7.2552547	0.6838143036386449
E459_50	-7.4873066	-7.7822504	0.0614805520702634
E50_798	-2.1319568	5.0604525	1.0
E980_81	-3.8362417	3.1076198	0.1003764115432873
E77_357	-7.8254285	4.31212	0.4466750313676286
E640_221	1.6081576	-8.853744	0.2760351317440401
E119_562	11.975673	-4.9393225	0.7038895859473023
E991_73	-13.631195	-6.7456007	0.0903387703889586
E946_28	-13.402481	-5.588967	0.0338770388958594
E926_224	-0.32183954	-0.39535135	0.2797992471769134
E678_763	12.246315	-3.9292347	0.9560853199498118
E581_604	-6.3964067	2.4038377	0.7565872020075283
E148_200	-7.683861	5.8680053	0.2496863237139272
E586_587	-4.663591	7.519393	0.7352572145545797
E457_224	1.0338606	-5.4647403	0.2797992471769134
E521_760	9.32275	1.3311957	0.9523212045169384
E226_115	-6.4153767	-2.9778695	0.1430363864491844
E861_371	-3.2935054	-9.147234	0.4642409033877039
E380_225	2.012648	-0.15556014	0.2810539523212045
E787_599	-6.1439037	2.9739368	0.7503136762860728
E628_643	0.27929565	5.073419	0.8055207026348808
E664_389	1.4339274	6.8854604	0.4868255959849435
E327_627	11.53716	3.1364298	0.7854454203262233
E30_239	0.90569794	6.349614	0.2986198243412798
E391_751	-7.023467	7.178073	0.9410288582183188
E726_546	-3.4440713	-0.00043424877	0.6838143036386449
E243_408	4.9040084	-8.884731	0.5106649937264742
E607_353	-0.26197693	1.584463	0.4416562107904642
E928_359	-0.43977806	-6.084647	0.4491844416562108
E827_145	-4.976447	-8.488623	0.1806775407779172
E83_716	11.738884	6.084069	0.8971141781681304
E52_267	0.8677545	10.574877	0.3337515683814304
E929_17	-11.982712	-3.161534	0.0200752823086574
E940_65	-6.610515	-3.009884	0.0803011292346298
E128_767	1.6786889	9.024851	0.961104140526976
E340_485	7.3292704	6.623233	0.6072772898368883
E133_740	7.477908	-1.5864154	0.9272271016311168
E878_786	9.218579	-6.729372	0.9849435382685068
E17_481	8.763343	1.6266781	0.6022584692597239
E69_203	-6.0089107	9.591262	0.2534504391468005
E642_35	-14.157623	-2.687222	0.0426599749058971
E524_205	3.5545561	-6.651124	0.2559598494353827
E332_340	0.98840886	6.3202767	0.42534504391468
E665_11	-15.448126	-5.111414	0.0125470514429109
E700_577	11.051835	-3.684591	0.7227101631116688
E437_523	4.273483	-7.6528416	0.6549560853199499
E709_542	-2.2828195	-6.564555	0.6787954830614805
E804_226	-0.3792901	6.6533947	0.2823086574654956
E139_675	6.5300474	-0.7076248	0.8456712672521958
E268_279	8.409609	-5.861058	0.3488080301129234
E274_2	-16.751167	-5.0625825	0.001254705144291
E300_778	7.4470267	-2.3731253	0.9749058971141782
E249_101	-3.5509064	4.554959	0.1254705144291091
E222_273	-10.077796	5.156943	0.3412797992471769
E91_646	8.99116	-6.851986	0.8092848180677541
E805_579	-1.5182997	2.5413396	0.7252195734002509
E683_161	-1.5878713	-0.7961712	0.2007528230865746
E859_246	-3.4443572	-7.3053603	0.3074027603513174
E350_604	-9.064735	-4.198986	0.7565872020075283
E239_669	-8.30707	-3.3852434	0.8381430363864492
E602_262	1.155943	-7.8277392	0.3274780426599749
E589_546	2.1973293	-10.48259	0.6838143036386449
E118_738	9.953789	5.849638	0.9247176913425345
E278_47	-12.220651	-6.160088	0.0577164366373902
E129_723	5.7275214	2.031466	0.905897114178168
E138_688	-1.2171189	4.532846	0.8619824341279799
E389_710	11.132155	-5.82521	0.8895859473023839
E608_461	-1.319715	7.2960663	0.5771643663739021
E493_52	-13.31764	-7.7176256	0.0639899623588456
E314_513	2.183191	5.2147837	0.6424090338770388
E335_182	12.345188	3.143309	0.2271016311166875
E141_520	-6.077857	8.265228	0.6511919698870765
E390_356	-8.282851	6.1929474	0.4454203262233375
E436_41	-10.737027	-3.9549198	0.0501882057716436
E272_575	-2.5761852	6.3964267	0.7202007528230866
E398_260	3.1176023	1.1263009	0.3249686323713927
E902_702	1.5408034	-3.6601036	0.8795483061480552
E956_721	0.43037677	1.4210552	0.903387703889586
E981_98	-5.0366435	8.952544	0.1217063989962358
E850_120	-2.583093	11.488498	0.1493099121706399
E870_556	-3.926874	7.273285	0.6963613550815558
E976_72	-5.0858355	9.182107	0.0890840652446675
E48_264	10.74212	-5.4293776	0.3299874529485571
E649_348	-6.9066076	8.835287	0.4353826850690088
E901_61	-8.053591	7.7011003	0.0752823086574654
E260_465	-3.9714189	6.0924525	0.5821831869510665
E577_321	1.5471424	4.8991756	0.4015056461731493
E152_28	-11.921655	-3.1752357	0.0338770388958594
E654_237	8.639883	3.0376468	0.2961104140526976
E361_549	11.000144	3.910878	0.6875784190715182
E610_374	3.4677274	-9.524991	0.4680050188205771
E565_653	9.191088	7.278592	0.8180677540777918
E458_26	-13.159661	-4.7802672	0.0313676286072772
E574_184	-8.880221	5.927985	0.2296110414052697
E800_413	-2.1402926	-2.073974	0.5169385194479298
E701_452	-4.6950397	2.0834513	0.5658720200752823
E536_12	-14.519447	-5.4024005	0.013801756587202
E140_135	1.7255856	-3.3150656	0.1681304893350062
E161_44	-12.799031	-7.7415376	0.0539523212045169
E750_12	-13.965531	-5.5850034	0.013801756587202
E220_426	4.114507	-0.5889465	0.533249686323714
E575_438	-1.1284164	3.1543982	0.548306148055207
E320_65	-2.291049	-6.3513675	0.0803011292346298
E825_492	4.771956	-1.5097225	0.616060225846926
E103_431	-6.727337	-0.023913655	0.5395232120451694
E19_638	3.9617417	7.1294856	0.7992471769134254
E809_488	-3.076998	-6.0128717	0.6110414052697616
E888_117	-0.636713	8.355854	0.1455457967377666
E417_463	5.4165993	1.120406	0.5796737766624843
E944_417	0.101908214	-3.6150937	0.5219573400250941
E734_625	-10.268259	6.7126346	0.7829360100376411
E315_765	7.8493824	3.615717	0.958594730238394
E743_285	4.76262	-6.00697	0.35633626097867
E904_655	-9.860132	0.17433587	0.820577164366374
E630_405	-0.45144373	1.4452951	0.506900878293601
E301_182	10.535755	7.6250668	0.2271016311166875
E317_350	0.4116055	-9.295237	0.437892095357591
E694_728	-2.6705844	9.02836	0.9121706398996235
E447_431	1.0871086	-7.1540904	0.5395232120451694
E244_125	-7.528122	3.7245138	0.1555834378920953
E348_47	-16.513239	-4.0094447	0.0577164366373902
E749_411	-1.4139614	-6.1478705	0.5144291091593476
E264_289	-1.4159069	-4.1863046	0.3613550815558344
E420_427	-0.48844504	6.2812347	0.534504391468005
E295_368	-9.012577	3.932856	0.4604767879548306
E412_40	-15.325008	-6.1089487	0.0489335006273525
E686_725	6.6932425	2.8359582	0.9084065244667504
E816_81	-10.313407	-3.4827902	0.1003764115432873
E194_622	6.864173	-2.1654527	0.7791718946047679
E527_527	-3.2344549	-4.391315	0.6599749058971142
E349_433	9.427325	2.8534727	0.5420326223337516
E945_676	8.295895	5.2056456	0.8469259723964868
E948_511	-0.023633612	-7.8327694	0.6398996235884568
E183_115	8.981211	4.8501573	0.1430363864491844
E66_62	-11.737406	-7.3451786	0.0765370138017565
E157_186	-7.484998	-2.1550283	0.2321204516938519
E799_10	-15.43468	-4.888262	0.0112923462986198
E619_167	-7.8433814	1.4854732	0.2082810539523212
E807_36	-14.011545	-2.611482	0.0439146800501882
E864_133	-4.1773176	5.4737997	0.1656210790464241
E511_585	-1.6935277	0.6750022	0.7327478042659975
E483_763	7.8905115	7.345139	0.9560853199498118
E114_774	11.964936	4.132363	0.9698870765370138
E184_88	-4.752756	8.0496235	0.1091593475533249
E997_334	5.4960012	-9.316794	0.4178168130489335
E915_476	-8.629739	7.6071234	0.5959849435382685
E500_781	-3.0761702	2.9572744	0.9786700125470514
E1_553	10.380434	-0.9316144	0.6925972396486826
E477_32	-14.5580435	-3.1595986	0.0388958594730238
E149_68	-6.4381466	-1.4752558	0.0840652446675031
E968_754	3.8730178	-6.777128	0.944792973651192
E525_290	0.6890025	6.7634687	0.3626097867001254
E202_485	8.867287	5.537622	0.6072772898368883
E33_319	-0.9327493	-3.1052291	0.3989962358845671
E591_793	3.9447339	5.640359	0.9937264742785444
E880_409	-5.4773903	3.431663	0.5119196988707654
E883_400	-6.9643006	9.327181	0.5006273525721455
E824_669	10.154839	-2.2268221	0.8381430363864492
E297_410	6.2324677	2.7718399	0.5131744040150564
E862_492	1.3588022	-3.6403453	0.616060225846926
E11_780	-5.8273168	-6.9461274	0.9774153074027604
E280_628	-1.6947411	9.505025	0.7867001254705144
E894_228	8.644545	-0.3790174	0.2848180677540778
E466_74	-10.963965	-4.3044305	0.0915934755332496
E495_652	6.2528563	-2.9927995	0.8168130489335006
E143_536	-0.07718155	10.397057	0.671267252195734
E104_612	2.4068778	7.6719117	0.766624843161857
E135_702	-1.1635259	-2.9513888	0.8795483061480552
E810_491	-7.437166	7.887914	0.6148055207026348
E488_318	-7.75766	2.220054	0.397741530740276
E45_644	3.9741874	5.772192	0.8067754077791719
E137_600	-2.0720875	-3.388787	0.7515683814303639
E852_141	1.166939	-5.2337584	0.1756587202007528
E885_346	2.0788937	1.6670966	0.4328732747804266
E240_232	4.651007	-0.17909533	0.2898368883312421
E802_233	-6.939752	4.2603908	0.2910915934755332
E847_334	-7.672989	5.9492726	0.4178168130489335
E168_748	4.2455864	-4.6810746	0.9372647427854456
E938_479	-3.4488668	-0.57094663	0.5997490589711418
E869_572	-2.42466	7.241725	0.7164366373902133
E337_642	-5.4796085	0.44098896	0.8042659974905897
E660_452	10.680844	7.6021357	0.5658720200752823
E598_294	1.3053702	-3.4501622	0.3676286072772898
E879_261	-0.93195015	6.2905498	0.3262233375156838
E736_343	-5.5037384	8.7095585	0.4291091593475533
E661_514	5.2117224	-5.287752	0.64366373902133
E927_322	-8.788442	1.6596031	0.4027603513174404
E407_536	8.827304	3.4357786	0.671267252195734
E884_292	11.123267	-0.068097346	0.3651191969887076
E449_266	8.198711	-8.642764	0.3324968632371393
E935_413	8.527168	-10.293436	0.5169385194479298
E343_399	7.660778	8.511926	0.4993726474278545
E188_687	4.903957	-7.321623	0.8607277289836889
E28_45	-15.736797	-6.883458	0.055207026348808
E793_438	-3.8821938	11.002191	0.548306148055207
E601_10	-14.790768	-5.4376745	0.0112923462986198
E541_299	4.7563763	-5.5664954	0.3739021329987453
E120_193	0.20283663	5.875566	0.2409033877038895
E393_535	11.499841	2.8207824	0.6700125470514429
E328_80	-12.342285	-4.9849157	0.0991217063989962
E580_794	-4.2563925	7.3754287	0.9949811794228356
E578_203	-1.8182945	1.7304093	0.2534504391468005
E748_280	-6.497318	-1.7839773	0.3500627352572145
E599_78	3.2179687	-2.026845	0.096612296110414
E503_324	10.1793375	-4.140408	0.4052697616060225
E538_477	-3.936781	-4.4738984	0.5972396486825596
E988_57	-15.534582	-4.553164	0.0702634880803011
E445_124	-3.2727537	9.533217	0.1543287327478042
E882_448	8.4837265	-5.2205834	0.560853199498118
E967_660	-1.3675709	1.0780606	0.8268506900878294
E219_65	-4.5777926	-3.903982	0.0803011292346298
E276_54	-13.054959	-4.347551	0.0664993726474278
E338_325	-0.13562343	2.7340987	0.4065244667503137
E815_583	7.4268355	8.4792595	0.7302383939774153
E765_702	5.3019977	-9.8661175	0.8795483061480552
E854_568	8.794937	5.158721	0.7114178168130489
E613_757	10.222738	-5.874521	0.9485570890840652
E871_135	-8.593165	0.6518041	0.1681304893350062
E381_456	-5.664131	-3.1564562	0.5708908406524467
E214_131	11.742616	-0.45682296	0.1631116687578419
E910_358	10.058481	3.185898	0.4479297365119197
E636_334	-6.351081	6.8233166	0.4178168130489335
E909_763	6.799039	-6.11251	0.9560853199498118
E840_447	-4.919265	7.8712616	0.5595984943538268
E723_289	7.020538	4.910785	0.3613550815558344
E768_538	7.523527	-4.863295	0.6737766624843162
E117_260	10.331142	-3.8213708	0.3249686323713927
E68_174	0.23874965	8.074793	0.2170639899623588
E954_667	-2.5209618	5.525006	0.835633626097867
E298_553	12.240625	-3.1768742	0.6925972396486826
E730_85	-5.1642485	-0.9240908	0.1053952321204517
E229_668	8.400691	-1.0775094	0.8368883312421581
E769_774	-3.554724	3.984814	0.9698870765370138
E779_483	-4.7802896	-8.334268	0.6047678795483061
E550_541	7.091901	-6.047116	0.6775407779171895
E125_276	9.294072	-2.0175035	0.3450439146800502
E191_434	4.7616	-7.414416	0.5432873274780426
E63_426	-3.9865673	8.096857	0.533249686323714
E605_389	-3.5755346	-3.3346992	0.4868255959849435
E287_325	-7.3616586	8.855901	0.4065244667503137
E877_359	3.0174463	-6.4825196	0.4491844416562108
E415_453	10.1055565	8.129541	0.5671267252195734
E651_24	-12.605896	-5.4270477	0.0288582183186951
E786_13	-15.86828	-4.2931194	0.015056461731493
E481_233	-1.3246197	1.8777657	0.2910915934755332
E811_540	7.799337	-5.5030465	0.6762860727728983
E834_760	-10.342375	7.167409	0.9523212045169384
E440_290	-2.4971595	4.076054	0.3626097867001254
E646_195	-2.7019634	3.0884204	0.2434127979924717
E941_768	11.373587	1.3014418	0.9623588456712672
E478_659	2.4674718	-5.7624574	0.8255959849435383
E193_437	3.264248	0.98165333	0.5470514429109159
E679_769	8.740931	-7.505252	0.9636135508155584
E136_650	8.8715105	2.6155388	0.8143036386449184
E841_572	11.9792595	2.3131344	0.7164366373902133
E973_383	-1.1831688	-0.15844521	0.479297365119197
E144_10	-15.964867	-4.615714	0.0112923462986198
E568_521	6.1456695	3.8834488	0.6524466750313677
E961_455	-8.777859	7.0721703	0.5696361355081556
E282_489	5.1597757	10.075819	0.6122961104140527
E788_749	6.2910657	-6.2188883	0.9385194479297364
E937_369	9.697374	4.2216587	0.4617314930991217
E472_85	-10.484085	-5.7061973	0.1053952321204517
E44_764	-8.17778	9.167376	0.9573400250941028
E173_371	-9.102794	2.7644236	0.4642409033877039
E920_576	-0.28714576	10.719589	0.7214554579673776
E196_563	5.9048047	-4.5644026	0.7051442910915935
E110_240	-1.7472854	-1.8112991	0.2998745294855709
E659_611	-2.7782447	7.7535987	0.7653701380175659
E467_147	-11.176255	-7.6172605	0.1831869510664993
E292_698	4.399581	6.4173136	0.8745294855708908
E614_294	5.0025663	-4.24078	0.3676286072772898
E353_203	4.303138	5.2601624	0.2534504391468005
E596_729	-7.1160555	-2.1397383	0.9134253450439148
E375_201	6.8318033	0.073779605	0.2509410288582183
E522_585	0.9551032	-3.9906797	0.7327478042659975
E509_310	-0.4215615	-2.4472277	0.3877038895859473
E939_439	7.461608	-3.3970501	0.5495608531994981
E702_697	4.413173	2.5502083	0.8732747804265998
E270_400	-6.5110326	9.284725	0.5006273525721455
E549_659	7.405058	-4.993942	0.8255959849435383
E210_24	-15.089367	-3.2118227	0.0288582183186951
E974_234	1.6725091	-6.726521	0.2923462986198243
E0_523	9.68422	-3.134108	0.6549560853199499
E452_455	-3.44027	11.70106	0.5696361355081556
E259_591	-8.37094	-4.7464757	0.740276035131744
E15_16	-13.58879	-5.020967	0.0188205771643663
E64_727	9.498188	4.7253985	0.9109159347553324
E831_302	5.9066396	-5.2616944	0.3776662484316185
E936_788	-6.240638	5.2685237	0.9874529485570892
E355_133	1.0153457	2.4191003	0.1656210790464241
E970_519	3.0247488	4.306507	0.6499372647427855
E416_269	-7.8272777	9.876915	0.3362609786700125
E572_388	4.930374	-0.2870497	0.4855708908406524
E672_751	0.4180294	8.705042	0.9410288582183188
E145_59	-9.036405	-2.4636383	0.0727728983688833
E822_607	-6.7477984	3.2081788	0.7603513174404015
E73_751	-2.5172243	-7.999553	0.9410288582183188
E917_604	-7.5193896	-2.2318194	0.7565872020075283
E248_716	10.148677	-1.1969169	0.8971141781681304
E843_198	8.293641	-2.5567327	0.247176913425345
E4_372	3.3974426	-2.499938	0.465495608531995
E992_438	-9.84756	2.420199	0.548306148055207
E47_719	4.4761124	4.635639	0.9008782936010038
E325_411	-3.730059	-5.1981077	0.5144291091593476
E634_329	-10.2620325	6.341385	0.411543287327478
E867_326	6.3227363	-5.325897	0.4077791718946048
E22_133	-9.34615	-4.2003484	0.1656210790464241
E781_585	-4.9499354	-8.923057	0.7327478042659975
E863_84	-11.6467905	-7.86639	0.1041405269761606
E396_298	7.069122	-3.3616302	0.3726474278544542
E905_153	0.56637347	4.646051	0.1907151819322459
E221_785	4.6658125	3.8391547	0.9836888331242158
E94_256	6.485807	-4.938036	0.3199498117942284
E900_236	-6.949226	-4.949408	0.2948557089084065
E387_508	0.5742639	3.3084865	0.6361355081555834
E130_173	13.022203	-4.7473626	0.2158092848180677
E31_340	-6.4981933	0.29628092	0.42534504391468
E112_507	-7.0536747	1.4145719	0.6348808030112923
E873_17	-16.6248	-4.4020324	0.0200752823086574
E502_696	3.4810798	-9.941839	0.8720200752823086
E169_569	7.2129555	5.831502	0.71267252195734
E291_555	-6.403763	2.1903086	0.6951066499372648
E255_704	-3.35954	8.100631	0.8820577164366374
E75_202	0.8988379	-0.6863815	0.2521957340025094
E241_23	-14.649476	-6.131261	0.027603513174404
E153_586	-2.167469	0.1394401	0.7340025094102886
E551_314	-6.0826244	7.3163667	0.3927227101631116
E590_755	-4.040869	6.6615615	0.946047678795483
E573_597	-2.8236167	-5.151465	0.7478042659974906
E370_226	-7.2511964	-2.1672795	0.2823086574654956
E792_52	-14.0619755	-6.9595284	0.0639899623588456
E677_575	10.181244	-5.7615547	0.7202007528230866
E962_51	-14.41979	-7.4511967	0.0627352572145545
E848_275	12.649235	2.5850427	0.3437892095357591
E360_573	1.058748	8.436552	0.7176913425345044
E582_725	-9.588452	5.749054	0.9084065244667504
E41_65	-14.721146	-6.342483	0.0803011292346298
E498_747	2.1926239	-1.1369138	0.9360100376411544
E296_260	-0.5460149	-9.969173	0.3249686323713927
E97_199	6.1964874	-6.6942782	0.2484316185696361
E986_781	-9.211328	5.8822384	0.9786700125470514
E796_323	6.1999636	7.7595773	0.4040150564617314
E86_522	1.1938707	-0.56411016	0.6537013801756587
E964_702	-4.398048	4.1494374	0.8795483061480552
E10_582	3.8878605	8.857138	0.7289836888331243
E273_344	-4.4672623	4.8686147	0.4303638644918444
E919_350	0.72242975	-4.7552285	0.437892095357591
