,cl
E0,0
E1,0
E2,1
E3,1
E4,0
E5,1
E6,0
E7,1
E8,1
E9,1
E10,1
E11,1
E12,0
E13,1
E14,0
E15,0
E16,1
E17,1
E18,1
E19,0
E20,1
E21,1
E22,0
E23,0
E24,1
E25,1
E26,0
E27,0
E28,0
E29,1
E30,0
E31,0
E32,0
E33,1
E34,0
E35,0
E36,0
E37,1
E38,0
E39,1
E40,1
E41,1
E42,1
E43,0
E44,0
E45,0
E46,1
E47,0
E48,0
E49,1
E50,1
E51,0
E52,0
E53,0
E54,0
E55,0
E56,1
E57,1
E58,0
E59,1
E60,0
E61,1
E62,0
E63,1
E64,0
E65,1
E66,0
E67,1
E68,1
E69,0
E70,0
E71,0
E72,1
E73,1
E74,1
E75,0
E76,1
E77,1
E78,1
E79,1
E80,1
E81,0
E82,0
E83,1
E84,0
E85,0
E86,1
E87,1
E88,1
E89,0
E90,0
E91,1
E92,1
E93,1
E94,1
E95,0
E96,1
E97,1
E98,0
E99,1
E100,1
E101,1
E102,0
E103,0
E104,1
E105,0
E106,0
E107,0
E108,1
E109,1
E110,1
E111,0
E112,0
E113,0
E114,0
E115,0
E116,1
E117,1
E118,1
E119,0
E120,0
E121,1
E122,1
E123,0
E124,0
E125,1
E126,1
E127,0
E128,1
E129,1
E130,0
E131,1
E132,1
E133,1
E134,1
E135,0
E136,1
E137,0
E138,1
E139,0
E140,1
E141,1
E142,1
E143,0
E144,0
E145,0
E146,0
E147,0
E148,1
E149,0
E150,1
E151,1
E152,1
E153,1
E154,1
E155,1
E156,1
E157,1
E158,1
E159,0
E160,1
E161,1
E162,0
E163,1
E164,1
E165,0
E166,1
E167,0
E168,1
E169,0
E170,1
E171,0
E172,0
E173,1
E174,1
E175,1
E176,0
E177,0
E178,1
E179,1
E180,0
E181,1
E182,1
E183,1
E184,1
E185,0
E186,0
E187,1
E188,1
E189,0
E190,0
E191,0
E192,0
E193,1
E194,0
E195,1
E196,0
E197,1
E198,1
E199,1
E200,0
E201,1
E202,1
E203,1
E204,1
E205,1
E206,1
E207,0
E208,1
E209,1
E210,1
E211,0
E212,0
E213,1
E214,0
E215,1
E216,1
E217,0
E218,1
E219,1
E220,0
E221,0
E222,1
E223,0
E224,1
E225,0
E226,0
E227,1
E228,0
E229,0
E230,1
E231,0
E232,0
E233,1
E234,1
E235,1
E236,0
E237,0
E238,1
E239,1
E240,0
E241,1
E242,0
E243,1
E244,1
E245,0
E246,1
E247,1
E248,0
E249,1
E250,0
E251,0
E252,1
E253,0
E254,1
E255,1
E256,1
E257,0
E258,0
E259,1
E260,1
E261,0
E262,0
E263,0
E264,1
E265,1
E266,1
E267,1
E268,1
E269,1
E270,1
E271,1
E272,1
E273,1
E274,0
E275,0
E276,1
E277,1
E278,1
E279,1
E280,0
E281,1
E282,1
E283,0
E284,1
E285,1
E286,0
E287,0
E288,0
E289,1
E290,0
E291,1
E292,1
E293,1
E294,0
E295,0
E296,0
E297,1
E298,1
E299,0
E300,1
E301,1
E302,0
E303,0
E304,0
E305,1
E306,0
E307,0
E308,0
E309,1
E310,0
E311,1
E312,0
E313,0
E314,0
E315,0
E316,0
E317,1
E318,0
E319,1
E320,1
E321,0
E322,1
E323,0
E324,1
E325,0
E326,1
E327,1
E328,1
E329,0
E330,1
E331,0
E332,1
E333,1
E334,1
E335,1
E336,0
E337,1
E338,0
E339,1
E340,0
E341,0
E342,1
E343,0
E344,1
E345,0
E346,0
E347,1
E348,1
E349,0
E350,1
E351,0
E352,1
E353,1
E354,1
E355,1
E356,1
E357,1
E358,0
E359,1
E360,1
E361,1
E362,0
E363,1
E364,1
E365,0
E366,1
E367,0
E368,1
E369,0
E370,0
E371,0
E372,0
E373,1
E374,0
E375,1
E376,0
E377,1
E378,0
E379,0
E380,0
E381,1
E382,0
E383,1
E384,0
E385,0
E386,0
E387,1
E388,0
E389,1
E390,0
E391,1
E392,0
E393,1
E394,1
E395,1
E396,1
E397,0
E398,1
E399,1
E400,1
E401,1
E402,1
E403,1
E404,0
E405,1
E406,0
E407,0
E408,0
E409,0
E410,1
E411,0
E412,1
E413,0
E414,1
E415,1
E416,0
E417,1
E418,0
E419,1
E420,1
E421,0
E422,0
E423,1
E424,0
E425,0
E426,1
E427,1
E428,1
E429,1
E430,1
E431,1
E432,1
E433,0
E434,1
E435,1
E436,0
E437,1
E438,0
E439,1
E440,1
E441,1
E442,0
E443,0
E444,0
E445,1
E446,0
E447,1
E448,1
E449,0
E450,1
E451,0
E452,1
E453,1
E454,0
E455,1
E456,0
E457,0
E458,0
E459,0
E460,0
E461,0
E462,0
E463,0
E464,1
E465,1
E466,1
E467,1
E468,1
E469,1
E470,1
E471,0
E472,1
E473,1
E474,0
E475,0
E476,1
E477,0
E478,0
E479,1
E480,0
E481,0
E482,0
E483,0
E484,0
E485,0
E486,1
E487,0
E488,0
E489,0
E490,1
E491,0
E492,1
E493,1
E494,1
E495,1
E496,0
E497,1
E498,0
E499,0
E500,0
E501,0
E502,0
E503,1
E504,1
E505,0
E506,0
E507,1
E508,1
E509,1
E510,0
E511,0
E512,0
E513,1
E514,0
E515,1
E516,1
E517,1
E518,1
E519,0
E520,1
E521,0
E522,0
E523,0
E524,0
E525,1
E526,0
E527,1
E528,0
E529,0
E530,0
E531,1
E532,0
E533,1
E534,0
E535,1
E536,0
E537,1
E538,0
E539,0
E540,0
E541,0
E542,1
E543,0
E544,0
E545,0
E546,0
E547,0
E548,0
E549,1
E550,0
E551,0
E552,1
E553,0
E554,1
E555,1
E556,1
E557,1
E558,0
E559,0
E560,0
E561,1
E562,0
E563,1
E564,0
E565,0
E566,1
E567,0
E568,0
E569,0
E570,0
E571,0
E572,0
E573,1
E574,1
E575,0
E576,1
E577,0
E578,0
E579,1
E580,0
E581,1
E582,0
E583,1
E584,0
E585,0
E586,0
E587,0
E588,0
E589,1
E590,0
E591,1
E592,1
E593,1
E594,1
E595,0
E596,1
E597,1
E598,0
E599,0
E600,0
E601,1
E602,0
E603,1
E604,0
E605,0
E606,1
E607,0
E608,1
E609,0
E610,1
E611,0
E612,0
E613,0
E614,0
E615,0
E616,0
E617,0
E618,1
E619,0
E620,1
E621,1
E622,0
E623,0
E624,0
E625,1
E626,1
E627,0
E628,0
E629,1
E630,0
E631,0
E632,1
E633,1
E634,0
E635,0
E636,1
E637,0
E638,0
E639,0
E640,0
E641,1
E642,0
E643,0
E644,0
E645,1
E646,1
E647,0
E648,1
E649,0
E650,0
E651,0
E652,1
E653,1
E654,0
E655,0
E656,1
E657,0
E658,1
E659,1
E660,1
E661,1
E662,1
E663,0
E664,0
E665,0
E666,1
E667,0
E668,1
E669,1
E670,1
E671,0
E672,1
E673,0
E674,1
E675,0
E676,1
E677,1
E678,0
E679,1
E680,0
E681,1
E682,1
E683,0
E684,1
E685,1
E686,1
E687,0
E688,0
E689,0
E690,0
E691,0
E692,1
E693,1
E694,0
E695,0
E696,1
E697,1
E698,1
E699,1
E700,1
E701,0
E702,1
E703,0
E704,0
E705,0
E706,0
E707,1
E708,0
E709,0
E710,0
E711,1
E712,0
E713,1
E714,1
E715,0
E716,1
E717,1
E718,0
E719,0
E720,1
E721,1
E722,1
E723,1
E724,1
E725,1
E726,1
E727,1
E728,0
E729,0
E730,0
E731,1
E732,1
E733,1
E734,0
E735,1
E736,1
E737,0
E738,1
E739,0
E740,1
E741,1
E742,1
E743,0
E744,1
E745,1
E746,0
E747,0
E748,1
E749,0
E750,0
E751,0
E752,1
E753,0
E754,1
E755,0
E756,1
E757,0
E758,0
E759,1
E760,0
E761,0
E762,1
E763,0
E764,0
E765,0
E766,0
E767,0
E768,1
E769,1
E770,0
E771,0
E772,1
E773,1
E774,1
E775,0
E776,1
E777,0
E778,0
E779,0
E780,0
E781,1
E782,1
E783,1
E784,0
E785,1
E786,1
E787,1
E788,1
E789,0
E790,0
E791,1
E792,0
E793,1
E794,0
E795,1
E796,0
E797,1
E798,0
E799,1
E800,0
E801,0
E802,0
E803,1
E804,1
E805,1
E806,1
E807,0
E808,1
E809,1
E810,1
E811,0
E812,1
E813,1
E814,1
E815,0
E816,0
E817,0
E818,1
E819,0
E820,0
E821,0
E822,1
E823,1
E824,0
E825,0
E826,0
E827,1
E828,1
E829,0
E830,0
E831,1
E832,1
E833,0
E834,1
E835,1
E836,0
E837,1
E838,0
E839,0
E840,0
E841,0
E842,1
E843,1
E844,1
E845,1
E846,1
E847,0
E848,0
E849,1
E850,0
E851,0
E852,1
E853,0
E854,0
E855,1
E856,1
E857,0
E858,1
E859,1
E860,1
E861,1
E862,0
E863,0
E864,0
E865,0
E866,0
E867,1
E868,1
E869,0
E870,1
E871,1
E872,0
E873,1
E874,1
E875,1
E876,0
E877,1
E878,1
E879,0
E880,0
E881,1
E882,0
E883,1
E884,1
E885,1
E886,0
E887,0
E888,0
E889,0
E890,1
E891,0
E892,0
E893,0
E894,0
E895,0
E896,1
E897,1
E898,1
E899,1
E900,0
E901,0
E902,1
E903,1
E904,1
E905,1
E906,1
E907,1
E908,0
E909,0
E910,0
E911,1
E912,1
E913,1
E914,1
E915,0
E916,0
E917,1
E918,0
E919,0
E920,0
E921,1
E922,1
E923,1
E924,0
E925,0
E926,1
E927,0
E928,0
E929,0
E930,1
E931,0
E932,0
E933,0
E934,1
E935,0
E936,1
E937,0
E938,1
E939,1
E940,0
E941,0
E942,0
E943,1
E944,0
E945,1
E946,0
E947,0
E948,0
E949,0
E950,0
E951,1
E952,1
E953,1
E954,1
E955,1
E956,0
E957,0
E958,0
E959,0
E960,0
E961,1
E962,0
E963,1
E964,0
E965,1
E966,1
E967,1
E968,1
E969,1
E970,0
E971,0
E972,0
E973,0
E974,0
E975,0
E976,0
E977,1
E978,0
E979,0
E980,1
E981,0
E982,0
E983,0
E984,1
E985,1
E986,0
E987,1
E988,0
E989,0
E990,0
E991,0
E992,1
E993,0
E994,1
E995,0
E996,0
E997,1
E998,0
E999,0
