t_star,src,WD2,MMD,ED,per_dataset_metrics,predictions
3,2,0.8409053261164416,0.047705895034596324,0.4153668837252615,"[{'dataset_idx': 0, 'WD2': 1.1457470678570536, 'MMD': 0.05589688569307327, 'ED': 0.5341674486141847}, {'dataset_idx': 1, 'WD2': 1.1073740773338414, 'MMD': 0.05761948972940445, 'ED': 0.5293216021340963}, {'dataset_idx': 2, 'WD2': 1.0433296957825036, 'MMD': 0.06448440253734589, 'ED': 0.5447378068932394}, {'dataset_idx': 3, 'WD2': 1.0772567595023619, 'MMD': 0.058958541601896286, 'ED': 0.5079343389442132}, {'dataset_idx': 4, 'WD2': 1.0919126142130058, 'MMD': 0.06841006129980087, 'ED': 0.6098478416416944}, {'dataset_idx': 5, 'WD2': 0.09692743313497544, 'MMD': 0.0045130280777812, 'ED': 0.0036045280249348832}, {'dataset_idx': 6, 'WD2': 0.07336516533890405, 'MMD': 0.004016428254544735, 'ED': 0.0028075666494671025}, {'dataset_idx': 7, 'WD2': 1.0913297957688874, 'MMD': 0.06774832308292389, 'ED': 0.5905139369002621}]","[array([[ 0.04587432,  0.01522911,  0.9305199 , ...,  1.1396352 ,
         1.0530149 ,  1.0587276 ],
       [ 0.19421832,  1.0599777 ,  1.1039013 , ...,  0.17803001,
         0.29720923,  1.0543048 ],
       [ 0.01452098,  0.08197967,  0.14775354, ...,  0.00702437,
         0.00379825, -0.01141005],
       ...,
       [ 0.03094531,  0.0248101 ,  0.8267692 , ..., -0.00844392,
         0.00784623, -0.02148076],
       [ 0.23577386,  0.06098153,  0.8976191 , ...,  0.31989896,
         0.02629238,  0.13487168],
       [ 0.14068237,  0.15734358,  0.03929389, ...,  0.09975138,
         0.01702606,  0.24604204]], dtype=float32), array([[ 0.01138949,  0.03824372,  0.08100063, ...,  0.03505502,
         0.0211617 , -0.01218927],
       [ 0.11837511,  0.804642  ,  0.82974106, ...,  1.1086967 ,
        -0.00570427,  1.0104891 ],
       [ 0.01099071,  0.08288609,  0.8848339 , ...,  1.135485  ,
         0.09780902,  1.0898559 ],
       ...,
       [ 0.10615935,  0.30956528,  0.96475697, ...,  0.00428665,
         0.00649064,  1.0980583 ],
       [ 0.06831414,  0.83720595,  1.1713763 , ...,  0.01243543,
         0.01671203,  0.95377666],
       [ 0.15823355,  0.24781033,  1.3683846 , ...,  0.71885765,
         0.00632908,  1.1361314 ]], dtype=float32), array([[ 3.46715823e-02,  1.54717207e-01,  1.02595556e+00, ...,
         4.23881896e-02,  5.70667267e-04,  1.18254316e+00],
       [ 2.91591249e-02,  2.18461789e-02,  1.13564956e+00, ...,
        -6.50008209e-03,  1.71054527e-02, -3.00087836e-02],
       [ 3.83620374e-02,  1.00698638e+00,  1.24453020e+00, ...,
         2.41299029e-02,  2.85247732e-02,  7.92267323e-02],
       ...,
       [ 3.38900499e-02,  3.89278501e-01,  1.10852385e+00, ...,
        -8.38572718e-03,  1.89187303e-02, -1.58288591e-02],
       [ 2.46781651e-02,  6.94914237e-02,  1.52682990e-01, ...,
         2.02547424e-02,  3.57270911e-02,  9.12447572e-02],
       [ 7.15724885e-01,  8.25182259e-01,  1.02788949e+00, ...,
         9.49474424e-03,  1.55176725e-02,  6.92146301e-01]], dtype=float32), array([[ 0.9679937 ,  1.3379146 ,  1.0363396 , ...,  0.9297826 ,
         0.03721695, -0.01202476],
       [ 0.04099144,  0.03704404,  0.0249557 , ...,  0.01119842,
         0.00893106, -0.02172598],
       [ 0.0130185 ,  0.10915858,  1.1168356 , ...,  1.2153152 ,
         1.1640424 , -0.01570208],
       ...,
       [ 0.03620787,  0.02309094,  0.9652868 , ...,  1.021755  ,
         0.91098344,  0.00863015],
       [ 0.04474055,  0.1474157 ,  1.0315223 , ...,  0.01931954,
         0.08153809, -0.01566825],
       [ 0.03285887,  0.05920729,  0.4488072 , ..., -0.00695848,
         0.03306045, -0.01387362]], dtype=float32), array([[-6.49250578e-05,  1.98834706e-02,  6.19165450e-02, ...,
         9.02145326e-01,  1.13628304e+00,  1.07605159e+00],
       [ 2.29457304e-01,  2.31367350e-02,  4.09933589e-02, ...,
         1.01333892e+00,  9.72835600e-01,  9.51938391e-01],
       [ 1.38694979e-02,  6.86541796e-02,  7.87035704e-01, ...,
         5.93363792e-02,  1.11041125e-02,  1.03997099e+00],
       ...,
       [ 2.53721215e-02,  7.03180209e-02,  7.70472705e-01, ...,
         9.48014930e-02,  4.93165012e-03,  1.14148784e+00],
       [ 1.40427053e-03,  8.15925151e-02,  8.62850666e-01, ...,
         1.29736578e+00,  1.11025643e+00,  1.17312551e+00],
       [ 6.24623001e-01,  1.17880368e+00,  1.15870833e+00, ...,
         1.09023845e+00,  6.13092005e-01,  1.03241253e+00]], dtype=float32), array([[1.20703   , 0.9754317 , 0.07686965, ..., 0.01435079, 0.00292745,
        1.0245632 ],
       [1.1115258 , 1.018601  , 0.01270353, ..., 0.01907301, 0.01142152,
        1.242     ],
       [1.2961444 , 0.9162927 , 0.00639093, ..., 0.01249333, 0.10851019,
        1.0977917 ],
       ...,
       [0.9318951 , 1.262014  , 0.01396321, ..., 0.02424061, 0.00784065,
        0.97801054],
       [1.1917087 , 0.9975117 , 0.01398941, ..., 0.0030161 , 0.0345507 ,
        1.0088451 ],
       [1.0031722 , 1.0904286 , 0.01590431, ..., 0.10409294, 0.02794781,
        1.2528737 ]], dtype=float32), array([[ 1.2146565e+00, -7.3738262e-04,  4.8158593e-03, ...,
         4.0797893e-02,  8.8067636e-02,  1.0802751e+00],
       [ 1.0950396e+00,  6.3641104e-03,  1.1533370e-02, ...,
        -3.3912698e-03,  1.5794646e-02,  1.1494302e+00],
       [ 1.2202076e+00, -9.5079531e-04,  7.4532740e-03, ...,
         1.8546283e-02,  7.1679898e-02,  1.0762250e+00],
       ...,
       [ 1.2829938e+00, -1.4903317e-03,  6.5853670e-03, ...,
         1.3612066e-02,  2.4836613e-02,  1.1289105e+00],
       [ 9.7006762e-01,  1.5012344e-03,  1.3345195e-02, ...,
         1.8552048e-02,  1.6051812e-02,  8.6558855e-01],
       [ 1.1955898e+00, -1.1608527e-04,  3.2187697e-02, ...,
         2.4164779e-02,  4.1463993e-02,  1.2583108e+00]], dtype=float32), array([[0.18063323, 1.1560827 , 0.99027264, ..., 0.31524003, 0.35460398,
        0.16276282],
       [0.09821357, 1.0495536 , 1.082856  , ..., 0.9774264 , 0.9322959 ,
        1.130556  ],
       [0.23146361, 0.01206421, 0.8486881 , ..., 0.9766704 , 1.0434047 ,
        1.189359  ],
       ...,
       [0.17582437, 1.1294756 , 1.0320228 , ..., 0.767256  , 0.9075013 ,
        0.7407107 ],
       [0.11336608, 0.10884981, 1.0978101 , ..., 1.2074063 , 1.2250346 ,
        1.176037  ],
       [0.30972114, 1.0773617 , 1.0288618 , ..., 1.0434638 , 0.7721537 ,
        0.9671397 ]], dtype=float32)]"
