gene,TARDBP,HNRNPR,ID3,PNRC2,ZNF593,LIN28A,HDAC1,ZNF326,CRABP2,NR5A2,KDM5B,ARID4B,MYCN,DNMT3A,CEBPZ,ZFP36L2,TCF7L1,EIF5B,NIFK,HES6,TADA3,CTNNB1,SKIL,FXR1,SOX2,ETV5,YTHDC1,JADE1,NAA15,HMGB2,IRX2,CENPK,PTTG1,PRPF4B,JARID2,TRIM27,POU5F1,PHF3,HMGN3,CITED2,MPLKIP,MCM7,DNAJC2,TRIM24,ZNF398,NONO,ZIC3,SOX3,MCM4,TCEA1,CHD7,PRDM14,RUNX1T1,MYC,MAF1,FOXH1,GTF3C5,NAP1L4,HTATIP2,DDB2,RSF1,ZNF22,JMJD1C,PDLIM1,MKI67,UTF1,VENTX,NANOG,GTF3A,TSC22D1,ZIC2,SALL2,MIS18BP1,CHURC1,ZFP36L1,SNW1,PAPOLA,RAD51,ZSCAN10,PLK1,MAZ,SOX15,ZNHIT3,MED1,ETV4,UBTF,KAT7,TRIM25,TGIF1,ZNF24,RBCK1,ID1,TOP1,SALL4,TCF3,CHAF1A,DNMT1,ILF3,NR2F6,ZNF90,ZNF649,PAXBP1,ETS2
TARDBP,4.43,6.05,6.64,5.53,5.96,6.38,5.7,5.47,6.19,4.61,5.97,5.19,4.99,5.82,5.86,5.97,5.34,5.78,6.18,5.28,5.77,5.9,5.05,5.79,6.2,4.85,5.47,5.55,5.88,6.33,4.85,5.62,6.67,5.26,6.43,5.52,7.32,5.37,6.55,5.24,5.83,6.39,5.7,5.78,4.5,6.06,4.83,4.9,5.4,6.18,5.6,5.09,4.5,5.52,5.48,5.65,4.82,5.82,5.29,4.81,5.85,5.83,5.53,6.49,5.87,6.06,4.09,5.49,5.85,4.9,5.4,5.6,5.6,4.29,6.12,5.46,5.95,4.85,5.71,5.99,5.26,5.04,5.71,4.91,6.06,5.27,5.31,4.04,5.78,5.22,5.17,6.02,5.95,5.14,5.14,5.86,5.58,6.47,5.85,4.84,5.12,4.46,5.05
HNRNPR,5.02,7.82,7.49,6.45,5.94,7.68,6.48,6.41,7.09,5.55,7.44,6.41,6.12,7.25,6.94,6.8,6.38,6.83,6.82,5.55,7.45,6.66,5.94,6.84,7.46,6.25,7.06,6.79,7.3,7.76,6.34,6.0,7.53,5.99,6.95,6.56,7.76,6.63,7.48,6.41,6.61,7.53,6.81,6.69,5.65,6.91,6.03,6.54,7.38,7.24,7.93,6.71,4.95,6.57,6.85,6.41,6.54,6.88,6.42,6.01,6.96,6.72,6.69,6.92,7.56,6.85,6.21,6.97,6.34,6.41,5.95,6.53,7.27,5.15,7.18,6.57,6.92,6.11,6.89,6.89,6.53,5.66,7.03,5.83,7.18,6.77,6.38,6.24,7.51,6.45,6.3,7.12,7.2,5.88,6.35,6.7,7.22,7.36,6.62,5.88,6.11,5.98,6.31
ID3,4.24,7.13,10.43,6.33,6.8,7.48,5.92,7.82,7.34,4.44,7.35,6.38,6.22,6.72,8.08,6.25,6.1,6.95,6.63,6.42,5.9,6.59,5.61,5.97,6.61,6.21,7.1,6.03,6.8,8.12,6.06,6.17,7.58,7.27,6.72,5.83,8.11,6.26,7.32,6.1,7.45,7.72,6.8,6.22,6.14,7.07,5.13,8.21,6.63,7.19,7.1,6.5,5.09,6.16,6.24,6.27,6.29,6.94,5.85,5.08,7.0,7.37,5.79,6.42,7.67,6.05,5.95,6.3,6.45,5.85,5.46,7.2,6.87,5.54,7.22,6.98,6.32,6.7,5.9,7.91,6.28,6.04,6.29,5.79,7.72,6.75,6.25,5.0,6.67,6.19,6.21,6.59,7.67,6.4,5.04,7.02,6.83,7.85,6.55,4.72,5.49,5.89,6.7
PNRC2,3.82,5.52,6.55,4.98,5.89,5.95,5.06,5.07,5.45,3.22,4.88,4.88,4.4,5.49,5.67,6.43,4.8,5.61,5.32,4.36,5.32,4.71,5.34,4.83,5.9,4.17,5.44,5.42,6.32,6.77,5.21,5.27,6.63,4.57,5.66,5.39,7.12,4.19,6.57,5.84,4.63,5.9,5.57,5.22,6.28,5.7,3.8,5.42,5.27,5.52,4.78,5.06,3.61,5.09,5.38,5.28,4.16,5.66,4.75,4.24,4.84,5.19,5.45,6.18,5.27,7.04,4.48,5.66,5.91,6.37,3.66,4.82,4.72,4.36,5.45,4.51,4.91,5.26,4.79,5.64,4.58,4.59,4.9,4.58,6.05,4.79,4.27,4.07,5.31,4.78,4.81,6.2,5.02,4.79,4.67,5.75,5.63,6.47,4.88,4.13,3.94,4.84,4.25
ZNF593,2.74,4.91,5.34,4.42,4.55,4.43,4.02,4.08,5.58,2.94,5.71,5.01,3.42,4.67,3.49,4.95,3.89,4.35,5.1,3.49,5.5,3.96,4.03,4.66,5.17,3.56,3.87,4.0,5.29,5.38,4.68,3.97,4.73,4.18,4.43,5.04,5.82,4.06,4.87,4.78,3.84,4.95,4.32,4.41,4.69,4.99,3.93,5.09,5.41,4.58,5.83,3.64,4.22,4.47,4.52,4.95,4.46,4.57,3.61,3.87,4.59,4.5,3.97,4.67,4.58,4.74,6.61,4.23,4.01,4.08,4.07,4.15,4.17,4.41,4.41,5.6,4.51,4.96,4.76,4.51,4.57,3.57,4.31,4.11,4.77,4.31,4.28,4.1,4.84,4.48,4.98,4.7,4.42,3.54,3.93,4.13,4.46,5.03,4.75,4.18,4.37,3.96,4.16
LIN28A,3.85,6.27,6.66,5.71,5.81,5.7,5.25,5.76,5.95,3.97,5.71,5.32,5.7,5.65,5.11,5.9,5.4,5.44,5.6,4.77,5.78,6.1,4.57,5.66,6.01,5.11,4.87,5.97,5.7,6.4,5.29,5.48,6.13,5.29,5.76,5.94,6.29,5.41,6.18,5.35,5.34,5.92,5.45,5.51,4.64,6.26,5.32,5.84,5.55,5.96,5.91,4.8,5.21,5.38,5.16,6.0,4.99,5.61,5.17,4.71,5.98,5.98,5.75,6.08,5.68,5.64,4.03,5.29,5.47,5.72,5.15,6.09,5.24,4.6,6.0,5.87,5.6,5.29,5.77,6.09,5.7,5.32,5.73,5.21,6.24,4.97,5.6,3.71,5.45,4.7,4.75,5.59,6.6,5.74,4.97,5.59,5.48,6.61,5.45,4.9,4.81,4.6,5.7
HDAC1,4.88,5.92,6.48,5.68,6.03,6.02,5.37,5.08,5.95,3.69,5.65,4.53,4.93,5.35,5.36,5.61,5.46,5.46,6.08,4.84,5.66,5.18,4.47,5.37,5.93,4.77,4.84,4.95,5.53,6.46,4.66,4.94,6.32,5.05,5.91,5.12,6.97,5.3,6.53,5.52,5.56,6.14,5.84,5.01,5.25,5.7,4.23,5.17,5.05,5.98,5.59,4.79,4.03,5.45,5.38,6.23,4.52,5.57,5.57,4.11,5.28,5.82,5.21,6.43,6.24,5.65,4.08,5.02,5.67,5.23,4.77,5.32,5.89,4.12,6.0,5.36,5.52,4.97,5.36,5.44,5.08,5.11,5.77,4.34,5.87,5.23,4.9,4.25,5.75,4.83,4.67,6.06,5.83,4.97,4.8,5.5,5.28,6.46,5.25,4.69,5.2,5.34,4.61
ZNF326,3.28,4.65,5.69,4.01,4.55,4.93,4.0,4.07,4.74,2.67,4.38,3.76,4.72,4.21,4.82,4.79,4.14,4.44,4.58,3.53,4.05,5.18,3.42,4.17,4.55,3.87,4.39,3.78,4.51,4.95,3.34,4.14,5.69,3.85,4.8,4.28,6.29,3.65,5.35,4.36,4.47,4.91,4.26,3.75,3.5,4.67,3.34,3.77,4.22,5.03,3.9,3.82,3.53,4.28,4.53,5.05,4.39,4.01,4.37,3.48,4.23,4.58,4.23,5.05,4.16,4.9,2.33,4.17,4.56,3.89,3.28,4.34,4.19,2.74,4.93,3.91,4.53,4.03,4.7,4.51,4.06,4.15,4.93,3.15,4.82,3.66,3.89,2.88,4.82,3.41,3.75,4.85,4.94,3.77,3.81,4.43,4.29,5.82,4.1,3.77,3.48,3.58,3.91
CRABP2,3.8,5.14,5.98,4.53,6.08,6.1,4.98,7.08,9.19,5.39,5.03,6.94,5.5,4.77,5.5,5.32,5.95,4.73,7.68,4.55,7.56,4.83,6.05,5.15,7.77,5.75,4.77,5.16,8.3,5.47,6.89,4.27,5.66,4.1,6.18,7.78,6.33,4.78,5.98,8.65,4.79,5.47,6.53,4.69,5.66,5.27,4.21,8.76,4.76,5.54,6.45,4.73,3.76,5.79,4.97,5.12,4.07,6.31,4.66,5.62,5.36,4.96,7.82,5.43,5.2,6.54,4.52,4.74,5.14,4.17,3.95,6.86,5.28,4.63,5.97,4.83,4.88,4.86,4.81,5.23,4.9,6.86,8.61,5.17,5.38,6.7,4.53,5.72,4.78,5.55,7.27,6.4,5.35,6.65,4.96,4.73,5.99,6.03,4.92,5.97,4.49,5.17,4.27
NR5A2,3.76,5.08,6.18,4.81,4.88,4.89,4.53,4.65,5.2,3.84,4.91,4.35,4.09,4.71,4.88,4.34,4.89,4.64,5.18,3.95,3.92,4.66,4.14,4.79,4.75,4.73,4.74,4.43,4.09,5.32,4.4,4.57,5.4,4.81,4.9,5.01,6.03,4.36,5.38,4.5,4.59,5.29,4.85,4.53,2.92,5.27,3.94,4.11,4.69,5.48,4.52,4.11,3.26,4.77,4.66,5.12,3.52,5.04,4.41,3.57,4.77,4.87,4.34,5.18,4.14,4.11,4.02,4.49,4.94,4.4,3.79,4.61,4.62,3.26,4.76,5.01,4.88,4.29,4.2,4.84,4.74,4.05,5.07,3.69,4.54,4.17,4.35,3.9,4.77,3.95,4.22,5.25,5.12,4.58,4.14,4.84,4.84,5.26,4.44,4.3,3.44,3.58,4.31
KDM5B,5.16,6.33,6.73,5.91,6.37,6.59,5.14,5.48,6.21,5.25,5.74,6.45,5.33,6.51,6.07,5.81,5.83,5.42,6.53,5.3,5.94,5.48,4.84,6.25,6.58,5.48,5.98,5.43,5.67,6.52,4.57,5.72,7.0,5.53,6.45,6.39,7.33,5.18,6.51,4.91,5.68,6.32,6.14,5.83,5.51,5.95,5.63,5.55,5.96,6.72,5.8,6.09,4.97,5.8,5.78,5.37,6.35,6.11,4.96,5.31,6.11,5.69,6.04,6.76,6.1,6.63,4.71,6.1,5.6,4.34,5.16,5.97,5.57,4.25,6.2,5.31,6.22,5.37,5.93,5.78,5.2,5.31,6.16,4.34,6.3,5.0,5.39,4.1,6.52,5.58,4.9,6.06,6.13,5.48,4.6,5.83,5.71,7.06,5.93,4.14,5.85,5.28,4.92
ARID4B,3.03,5.02,4.51,4.05,4.35,4.49,3.72,4.55,4.65,2.97,4.53,4.18,3.17,3.99,3.67,4.15,4.13,3.87,4.94,3.99,3.96,4.23,3.18,4.61,3.85,3.27,3.98,4.08,4.17,4.61,4.0,3.19,4.52,3.32,4.69,3.99,5.59,3.82,4.42,4.04,3.83,5.19,3.65,3.52,3.64,4.42,2.79,3.44,3.73,4.57,4.38,3.58,2.54,3.66,4.67,4.6,3.37,4.14,3.48,2.74,4.28,3.71,4.09,4.44,4.03,3.95,3.57,3.92,4.24,3.66,3.55,3.79,3.93,2.76,4.19,3.52,4.39,3.45,3.9,4.52,3.66,3.71,4.29,3.27,4.3,3.99,3.49,2.51,3.88,3.71,3.18,4.21,4.73,3.83,3.63,4.53,4.48,4.7,3.8,2.71,3.13,3.8,3.21
MYCN,5.35,6.42,6.95,6.47,6.26,6.22,6.25,5.8,6.05,5.14,6.07,5.2,5.99,5.8,6.38,6.47,6.12,5.92,6.16,5.78,6.62,6.31,5.8,6.36,6.31,5.75,5.7,5.95,6.45,6.42,5.94,5.47,6.28,6.11,6.14,6.08,7.18,5.76,6.8,6.16,5.64,6.11,6.26,5.66,5.72,6.1,4.69,5.56,6.1,6.18,6.43,6.03,5.41,5.57,5.89,5.96,5.32,5.7,5.93,4.87,6.2,5.98,5.75,6.53,6.84,6.51,4.94,5.74,6.03,6.17,5.91,6.18,5.88,4.21,6.32,5.64,5.84,5.68,6.19,5.82,5.42,6.12,5.72,5.32,5.94,5.75,5.16,4.21,6.67,5.51,5.46,6.29,6.24,6.24,5.79,6.27,5.72,7.14,5.51,4.51,5.37,5.28,5.95
DNMT3A,3.63,4.81,5.23,4.41,4.78,4.82,4.59,4.38,4.78,3.28,5.03,4.07,3.75,4.26,4.4,4.68,4.39,4.7,4.62,4.06,4.58,4.46,3.67,4.57,4.92,3.74,4.03,4.25,4.6,4.85,3.78,4.27,4.78,4.14,4.91,5.05,5.84,3.94,5.0,4.64,4.3,5.11,4.25,4.29,5.37,5.3,3.65,4.06,4.74,4.87,5.34,4.05,3.82,4.34,4.55,4.88,4.31,4.32,4.17,3.83,4.9,4.51,4.26,4.85,4.35,4.56,6.43,4.2,4.27,4.12,4.06,4.62,4.45,3.24,4.67,4.96,4.57,4.04,4.38,4.62,4.32,4.03,4.44,4.0,4.45,4.29,4.23,3.7,4.78,4.05,4.22,4.64,4.56,4.34,3.94,4.42,4.56,5.73,4.72,3.6,3.89,3.52,3.72
CEBPZ,4.67,6.49,6.52,5.31,5.9,5.83,5.3,5.33,6.08,4.11,6.11,4.82,4.61,5.8,5.8,5.47,5.73,5.87,6.17,4.8,5.39,5.39,5.72,5.66,5.98,4.63,4.96,5.59,5.38,6.27,4.71,4.97,6.24,5.46,6.31,5.64,7.34,4.83,6.67,5.03,5.46,6.64,5.94,5.17,4.43,5.8,4.55,4.9,5.74,6.46,5.76,5.08,4.15,5.46,5.4,6.1,4.85,5.95,4.99,4.76,5.52,5.32,5.17,6.17,5.3,6.11,4.81,6.18,5.95,5.01,5.21,5.03,5.52,4.55,5.88,5.89,5.95,5.11,5.17,5.21,5.0,4.77,5.76,4.57,5.79,5.52,5.27,3.96,6.15,5.7,5.38,6.3,5.96,5.23,4.8,5.63,6.35,6.39,5.43,4.58,5.24,4.34,5.35
ZFP36L2,3.81,5.05,5.36,4.85,5.27,5.1,4.29,4.73,5.05,3.61,5.27,4.03,3.53,4.35,4.57,4.48,4.67,4.42,5.23,3.51,4.64,4.28,3.79,4.68,5.24,4.43,4.22,4.18,4.82,5.28,3.34,4.19,5.63,3.88,5.05,4.02,5.94,4.14,5.08,4.1,4.86,5.08,4.61,3.97,4.21,4.45,3.46,4.41,4.13,5.22,4.81,4.03,3.52,4.45,4.34,4.85,4.7,5.06,4.23,3.72,4.32,4.64,4.09,5.07,4.9,4.99,4.14,4.55,4.27,3.54,3.75,4.5,4.46,3.2,5.07,4.2,4.89,3.92,5.07,4.93,4.11,4.16,4.36,3.46,5.18,3.94,4.02,3.34,4.6,3.92,4.11,4.91,5.1,3.67,3.92,4.79,4.52,5.52,4.54,4.11,3.91,3.42,3.88
TCF7L1,5.06,6.74,7.43,6.21,6.94,6.75,6.43,6.37,7.13,4.91,7.18,6.1,5.79,6.76,6.35,6.81,5.49,6.68,6.72,5.53,6.78,6.17,5.69,6.44,7.69,5.44,6.45,6.34,6.84,7.09,5.68,5.77,7.23,6.07,7.06,7.51,8.49,5.87,7.31,6.41,6.03,7.88,6.4,6.41,5.07,7.4,5.28,5.97,7.99,6.89,7.45,5.99,5.33,6.67,6.3,7.13,5.87,6.43,5.79,5.68,6.27,6.79,5.95,6.9,7.2,7.33,7.17,6.96,6.43,5.91,5.34,6.05,6.43,4.37,7.03,7.48,6.42,5.86,6.94,6.55,6.37,5.99,6.85,5.46,6.91,5.92,5.48,5.29,6.58,5.9,6.35,7.11,6.76,5.83,5.99,6.9,6.64,8.52,6.47,5.11,5.93,5.87,5.5
EIF5B,3.35,5.0,6.03,4.42,4.97,5.15,4.47,4.1,5.44,4.49,5.66,4.24,4.39,4.16,5.08,6.58,4.27,4.99,5.67,4.25,4.1,4.73,3.76,4.24,5.33,3.83,4.5,4.64,4.76,5.17,3.53,3.8,5.82,3.66,5.29,4.93,6.54,3.81,5.49,4.25,4.16,5.72,5.09,4.47,3.58,5.48,4.44,3.69,5.5,5.28,4.37,4.12,3.36,3.9,4.71,5.6,4.77,5.03,3.28,4.08,4.76,4.65,4.88,5.29,5.08,5.52,3.72,4.41,4.21,4.23,3.58,4.54,4.58,2.62,5.26,4.24,4.24,4.36,4.73,5.33,5.19,3.87,4.72,3.64,5.58,4.92,4.28,3.34,5.15,3.88,3.96,5.82,5.29,4.09,4.02,4.94,5.86,5.73,4.53,3.1,4.76,3.17,3.17
NIFK,6.27,6.92,7.44,6.64,7.12,7.57,6.78,6.52,6.73,5.94,6.8,6.41,6.04,6.96,7.51,7.22,6.41,7.12,7.73,6.73,6.86,6.18,6.58,6.64,7.58,6.13,6.82,7.21,7.34,7.64,5.79,6.53,7.77,6.38,7.58,6.84,8.81,6.23,7.54,5.77,6.77,7.41,7.14,6.74,6.97,7.24,6.36,6.31,7.38,7.37,6.99,7.1,5.68,6.59,6.94,7.8,6.76,7.11,6.53,6.69,6.88,6.97,6.53,7.48,7.68,7.9,6.24,7.04,7.31,5.75,5.77,6.77,6.87,4.99,7.02,6.84,6.85,6.04,7.65,7.65,5.9,6.59,6.96,6.74,7.07,6.89,6.11,5.28,7.28,6.39,5.99,7.14,7.13,6.68,6.0,6.93,6.73,8.42,6.72,5.47,6.73,6.42,6.65
HES6,6.13,7.21,7.71,6.4,6.91,6.92,6.79,5.98,7.79,4.45,7.23,6.44,5.92,6.48,7.19,6.41,6.02,6.87,6.48,8.84,6.54,6.53,4.45,6.88,7.09,5.62,6.64,6.19,5.89,7.0,5.86,5.94,7.62,5.74,7.19,6.38,8.05,5.69,7.82,6.88,5.93,7.27,6.69,6.38,4.97,7.3,4.78,5.96,6.42,7.61,6.7,6.24,4.75,6.08,6.42,6.48,5.77,6.21,6.09,6.02,6.43,6.78,6.2,7.48,6.43,6.61,4.31,5.62,6.38,6.18,5.35,6.01,6.97,4.22,7.96,6.68,7.38,5.48,5.79,7.55,6.48,6.2,7.2,5.26,6.74,5.67,6.21,4.01,7.01,6.04,5.11,8.03,7.49,5.5,5.52,6.53,7.0,7.83,7.39,4.83,5.19,4.3,5.45
TADA3,4.32,5.23,5.81,5.06,5.04,4.78,4.62,4.03,5.4,3.48,5.12,4.16,4.19,4.68,5.15,4.92,4.68,5.15,5.36,4.5,4.74,4.61,4.37,5.52,4.71,4.14,4.9,4.99,5.09,5.4,3.37,4.05,5.47,5.06,4.88,4.48,5.92,4.2,5.63,4.31,4.56,5.17,4.69,4.31,4.93,4.99,3.4,3.4,4.29,5.15,5.32,4.46,3.33,3.88,4.69,5.27,5.03,4.97,4.47,3.77,5.21,4.84,4.23,5.04,5.02,5.16,3.97,4.07,4.22,3.61,3.92,4.14,4.19,3.16,4.6,4.58,4.5,4.89,4.77,4.47,3.78,4.09,4.38,3.19,5.15,4.1,3.63,3.67,5.21,3.84,3.69,4.71,4.88,5.03,3.47,4.87,4.64,6.31,4.76,2.94,3.93,4.09,4.54
CTNNB1,3.1,5.02,5.5,3.82,4.63,4.63,4.48,3.98,4.85,3.37,4.17,3.74,3.68,3.88,4.29,4.14,4.06,4.41,5.05,3.24,3.74,3.8,4.03,3.65,4.44,3.9,3.91,4.69,4.3,5.03,2.93,3.48,5.29,3.64,4.68,4.56,6.14,3.51,5.27,4.08,4.16,5.05,3.91,4.29,3.07,5.37,4.09,2.68,4.43,4.68,4.09,3.48,2.88,3.79,4.24,4.71,4.09,3.7,3.65,3.36,4.11,4.46,4.05,5.23,4.22,4.52,3.83,3.98,4.23,2.63,4.07,3.44,4.2,3.72,4.14,3.64,4.57,4.36,4.17,4.22,3.53,4.38,4.46,2.51,4.61,3.91,3.03,2.52,4.17,3.83,3.41,5.02,4.95,4.13,2.64,4.19,4.24,5.45,4.12,3.67,3.37,3.02,4.49
SKIL,3.49,5.71,5.87,4.54,5.18,5.24,4.66,4.41,5.16,3.57,4.9,4.73,5.0,4.59,5.52,4.51,4.47,5.1,5.23,4.47,4.75,4.46,5.92,4.75,4.93,4.06,5.13,4.23,4.62,4.96,4.63,6.3,5.39,4.51,5.19,4.48,5.89,4.35,5.39,4.56,5.06,4.98,4.44,4.34,4.66,4.85,3.76,3.69,5.86,4.88,5.0,4.15,3.18,4.43,4.65,4.82,4.22,4.51,5.76,3.84,4.67,4.42,4.29,4.94,4.72,5.59,6.36,4.34,4.43,4.03,4.55,4.48,4.6,3.32,4.72,5.7,4.77,4.25,4.98,5.28,4.03,3.62,5.05,3.54,5.11,5.36,4.41,4.19,4.87,4.14,4.06,4.89,4.99,4.35,4.06,4.9,4.75,5.46,4.37,4.64,4.08,3.83,4.58
FXR1,4.05,5.35,6.22,5.02,5.39,5.57,5.09,4.99,5.34,3.86,5.12,4.46,5.18,4.88,5.3,5.02,4.96,5.07,5.33,4.76,4.69,4.96,4.6,4.89,5.74,4.81,5.1,4.67,4.79,5.6,4.46,4.98,5.64,4.67,5.24,4.84,6.35,4.58,6.03,4.87,4.89,5.48,5.03,4.71,3.8,5.6,4.32,4.87,5.2,5.33,4.69,4.81,4.49,4.93,5.06,4.86,4.67,5.07,4.81,4.31,5.33,5.09,4.74,5.47,4.81,4.99,4.41,4.73,5.16,5.05,5.07,5.32,4.92,3.85,5.26,4.98,4.93,4.6,4.46,4.89,5.1,4.81,4.82,4.28,5.32,4.96,4.44,4.1,5.47,4.6,4.65,5.4,5.21,4.66,4.33,5.3,5.25,5.9,4.69,4.04,4.27,4.5,4.54
SOX2,5.44,5.58,5.99,5.26,4.93,5.4,5.17,5.33,5.96,4.14,6.11,5.46,4.01,5.12,5.4,6.14,5.54,5.77,5.78,4.24,5.12,5.23,5.65,4.82,6.19,4.75,5.1,5.21,5.83,5.84,4.73,5.13,6.6,4.73,6.09,5.22,6.22,4.79,5.94,4.74,5.46,5.68,6.1,4.74,5.11,5.73,4.47,4.46,5.74,6.23,5.61,5.37,5.08,5.04,5.45,5.78,5.22,5.23,5.17,4.62,5.11,5.41,5.01,5.67,6.02,6.25,5.74,5.2,5.5,5.15,4.92,4.94,5.32,4.01,5.73,4.91,5.08,4.71,5.81,5.48,4.55,5.39,5.26,4.37,6.13,4.99,5.2,4.67,5.71,4.43,4.5,6.04,5.23,5.21,4.69,5.47,4.89,6.25,5.47,4.11,4.9,4.42,4.84
ETV5,2.44,3.63,4.22,3.17,3.66,3.83,3.35,2.99,3.72,3.31,3.64,3.2,2.66,3.17,3.46,3.82,3.22,3.55,3.76,3.15,3.51,3.12,3.27,3.5,3.89,2.68,3.19,3.39,3.84,3.97,2.71,3.04,3.91,3.29,3.72,3.75,4.46,2.9,3.97,3.28,3.22,3.82,3.78,3.25,3.19,3.73,2.62,3.33,3.35,3.81,4.0,3.4,2.78,3.15,3.4,3.48,2.83,3.53,3.29,3.1,3.61,3.85,3.17,3.91,3.65,3.92,2.78,3.3,3.56,2.87,2.75,3.39,3.08,2.93,3.79,3.35,3.37,2.89,3.78,3.33,2.92,3.23,3.37,2.37,3.7,3.57,3.19,2.97,3.82,3.04,2.76,3.88,3.62,3.11,2.74,3.49,3.36,4.29,3.09,2.75,2.81,2.67,3.19
YTHDC1,3.49,5.27,6.06,4.27,5.07,5.43,4.57,5.02,5.29,3.13,5.36,4.04,3.9,4.99,4.52,5.24,4.79,4.62,5.36,4.03,4.29,5.13,3.41,4.59,4.99,4.14,4.36,4.03,4.88,5.49,3.98,4.41,5.84,4.16,5.65,4.7,6.21,4.61,5.69,4.93,4.64,5.39,4.84,4.41,3.86,5.22,3.77,3.71,4.4,5.29,5.11,3.87,4.0,4.97,4.58,5.28,4.05,5.15,4.56,3.57,4.82,4.6,4.23,5.6,5.07,5.01,3.84,3.9,4.75,4.32,3.31,4.7,4.7,3.7,5.2,4.37,4.66,4.3,4.97,5.48,4.65,4.62,4.54,3.72,4.96,4.02,4.52,2.72,4.96,4.46,3.9,5.12,5.46,4.17,4.84,4.83,5.14,5.53,5.17,4.1,4.81,3.45,4.47
JADE1,5.79,6.42,7.02,5.79,6.36,7.29,5.97,6.14,6.35,4.85,6.25,5.26,5.38,6.29,7.21,6.4,6.11,6.54,6.84,6.08,5.71,5.69,5.58,5.84,6.89,5.02,6.09,6.52,5.81,6.69,5.18,6.09,7.1,4.82,6.61,6.36,7.93,5.74,7.38,5.97,5.78,7.04,6.51,5.96,5.17,6.6,5.46,6.08,6.95,6.86,5.45,5.98,6.13,5.73,6.11,6.71,5.26,6.15,5.27,5.75,6.72,6.38,5.74,7.05,6.2,6.17,5.8,6.72,6.34,5.02,4.73,5.83,6.15,4.16,6.45,6.29,6.26,5.02,6.05,6.16,5.75,5.37,6.31,6.12,6.4,6.54,5.11,4.54,6.51,6.86,5.33,7.19,6.64,5.54,4.8,6.02,7.62,6.84,5.89,4.58,5.76,5.51,5.48
NAA15,4.07,6.45,6.86,4.8,6.03,6.02,5.08,4.8,6.27,3.88,7.24,4.27,4.63,5.64,5.13,5.05,5.03,5.83,5.88,4.7,4.97,4.92,3.93,4.84,7.36,4.04,5.04,4.76,4.51,6.02,4.43,4.64,6.51,4.88,5.81,5.2,6.73,4.16,5.9,4.53,5.01,5.41,5.24,4.6,4.71,5.29,4.4,4.51,5.25,6.01,5.38,4.49,3.65,5.13,5.74,5.04,4.06,6.06,4.64,5.01,6.28,5.14,4.13,6.65,5.64,5.37,4.93,4.97,5.49,4.3,3.76,4.9,5.34,3.49,5.74,6.19,5.2,4.43,4.95,5.32,5.27,6.2,5.07,4.4,5.76,4.9,4.66,3.57,5.43,4.49,4.27,6.22,5.47,4.73,4.46,5.77,5.4,6.24,5.32,3.66,4.35,3.84,4.43
HMGB2,3.64,5.98,6.56,4.57,5.25,6.28,4.84,5.22,5.16,3.28,5.2,4.3,4.62,5.33,5.42,5.2,5.25,5.44,5.63,5.29,4.93,5.36,3.63,5.52,5.66,5.63,6.21,5.28,5.61,7.12,4.72,5.31,7.46,4.66,5.88,5.01,6.63,4.72,5.96,4.64,5.94,6.42,5.66,5.4,3.95,5.68,4.29,4.33,4.85,6.11,5.28,5.15,3.63,5.6,5.23,5.18,4.75,6.4,4.87,4.11,5.9,5.93,5.07,5.8,5.98,6.15,3.76,5.35,5.73,4.88,5.14,5.87,5.49,4.36,6.03,5.44,5.55,4.81,5.83,6.23,5.36,4.95,5.27,4.5,5.85,4.37,5.14,3.74,5.38,5.25,5.07,5.88,6.03,5.24,4.76,5.17,4.95,6.22,5.31,4.74,4.71,3.9,4.28
IRX2,3.91,4.84,4.73,3.92,4.54,4.72,3.87,3.71,4.76,2.71,4.98,3.61,3.03,4.23,4.1,4.22,4.44,4.38,4.58,3.0,4.46,4.4,4.0,3.88,4.42,3.31,3.66,3.2,4.25,5.15,3.23,4.04,5.12,3.11,4.33,4.08,5.39,3.89,5.16,4.49,4.39,4.81,4.33,4.41,4.05,4.01,2.68,3.3,3.64,4.53,4.76,3.79,3.44,3.59,4.7,4.36,4.31,4.35,3.17,3.15,3.82,4.52,3.66,4.34,4.24,3.92,2.81,4.01,4.3,3.84,4.25,4.03,3.92,2.71,4.5,3.96,4.28,3.45,4.2,4.6,3.48,3.08,4.1,2.82,4.23,3.72,3.91,3.1,4.33,3.73,3.31,4.42,4.59,3.67,3.83,4.69,4.19,5.17,3.91,2.81,3.04,2.89,4.66
CENPK,4.52,6.37,6.61,5.98,6.24,6.04,5.49,5.82,5.93,4.73,5.59,4.92,4.38,5.49,5.65,5.37,5.28,5.59,6.22,5.44,5.82,6.0,5.93,6.18,6.08,4.95,5.24,5.15,5.71,6.4,4.8,5.56,6.43,5.33,5.9,5.42,6.91,4.83,6.79,5.77,5.74,6.39,5.87,4.87,4.68,5.74,4.94,5.34,5.42,6.17,5.16,5.27,4.35,5.43,5.98,5.67,4.54,5.42,5.22,4.5,5.23,5.8,5.41,6.07,5.54,5.96,4.39,5.74,5.58,5.31,5.69,5.51,5.55,3.96,5.76,5.31,6.18,5.44,5.04,5.76,4.91,5.38,5.57,4.4,5.82,5.24,4.85,4.48,6.04,5.54,5.16,6.35,5.81,5.4,4.63,5.48,6.09,6.54,5.29,4.8,5.86,4.52,5.76
PTTG1,5.32,5.98,6.72,4.83,5.65,5.9,5.12,5.53,6.63,4.01,5.53,5.03,4.39,5.58,5.05,5.29,5.32,5.35,5.67,4.81,5.08,5.14,4.42,5.19,5.64,4.28,5.17,5.53,5.0,5.69,4.79,4.65,6.15,4.81,6.44,5.25,6.64,5.04,6.63,4.52,5.78,6.39,5.31,5.1,3.93,5.64,5.0,4.03,5.3,6.03,4.76,4.96,5.25,5.38,5.5,5.09,4.48,5.5,4.73,6.21,5.53,6.16,5.27,6.06,4.98,6.26,3.9,5.92,4.76,5.39,4.57,4.98,5.18,4.86,5.27,6.12,5.7,5.62,6.37,5.82,5.49,4.44,6.09,5.27,5.66,4.82,4.84,3.84,5.35,5.07,4.97,6.03,5.53,4.8,5.63,5.22,5.76,6.02,5.33,4.84,5.36,4.62,4.86
PRPF4B,3.78,5.53,6.13,4.94,5.17,5.53,4.4,5.07,5.55,3.56,4.84,4.53,4.24,5.07,4.99,5.0,4.83,4.96,5.29,4.45,4.62,4.73,3.83,4.86,5.23,4.4,4.86,5.11,4.76,5.53,4.19,4.37,6.01,4.21,6.12,5.02,6.43,4.79,5.84,4.42,5.94,5.52,4.91,4.66,3.89,5.19,4.06,4.54,4.8,5.45,4.48,4.78,3.93,4.74,4.8,5.18,4.49,5.18,4.53,4.1,4.92,5.53,4.71,5.53,4.88,5.35,3.35,5.26,5.22,4.27,4.09,4.73,5.4,3.59,5.02,4.56,5.14,4.49,4.67,5.51,4.48,4.28,5.22,4.19,5.51,4.77,4.26,3.05,5.2,4.42,3.96,5.46,5.25,4.62,3.99,4.97,5.33,5.3,4.83,4.17,4.56,3.87,4.32
JARID2,6.36,9.71,10.12,7.92,7.89,7.91,7.61,8.08,8.92,5.26,8.65,8.0,7.43,8.37,7.59,7.42,7.97,8.12,8.26,6.51,8.17,9.14,5.84,8.84,6.99,5.95,7.16,7.88,6.77,9.42,6.73,6.12,9.33,7.68,7.53,7.86,8.94,7.37,8.8,10.05,6.89,8.87,8.96,7.06,6.54,8.93,7.36,7.43,7.75,8.25,7.91,7.69,6.69,7.21,7.4,7.06,8.68,8.23,6.78,6.85,7.89,7.41,7.9,8.31,8.16,6.77,6.05,6.86,7.6,5.95,6.65,7.49,8.7,5.76,8.72,7.75,8.32,7.03,6.92,8.72,7.22,6.97,8.03,7.1,8.05,7.53,6.5,6.2,8.74,6.72,6.46,8.23,8.62,7.25,6.53,7.53,7.56,8.75,7.26,6.09,6.79,7.06,8.01
TRIM27,4.3,5.7,6.66,4.44,4.99,5.34,5.0,4.75,5.47,3.51,5.84,4.21,3.8,5.06,5.03,4.68,4.18,4.85,4.9,3.25,4.23,5.32,4.41,5.05,5.67,3.64,4.47,4.7,4.92,5.78,4.08,5.08,5.42,4.17,5.54,4.48,6.68,4.71,5.61,4.87,4.61,5.56,5.27,4.82,2.77,5.41,4.04,3.91,5.11,4.97,5.77,3.99,3.76,4.13,4.68,5.09,4.37,5.13,3.19,3.78,5.38,5.5,4.76,5.54,4.69,5.39,2.97,4.85,5.01,3.32,4.41,5.17,4.31,3.85,5.26,4.52,5.2,4.42,4.18,5.13,5.05,5.05,4.69,3.99,5.42,4.6,5.03,3.01,4.85,4.95,4.85,5.49,5.36,5.46,3.93,5.85,5.0,6.73,4.48,3.53,4.21,3.66,3.69
POU5F1,5.17,6.48,6.99,5.68,6.2,7.07,5.66,5.86,7.46,4.7,6.31,6.15,6.09,7.41,7.6,6.62,7.37,6.35,7.85,6.23,6.21,5.49,4.77,5.9,7.17,6.31,6.37,6.52,6.69,6.68,5.06,5.61,7.26,5.43,8.22,6.46,11.94,5.31,6.64,8.56,6.26,6.8,7.13,5.83,5.06,6.18,4.07,5.89,6.72,7.63,6.36,6.55,5.55,6.6,5.99,8.55,5.46,7.12,5.88,5.97,6.37,6.23,6.06,7.09,6.47,8.08,6.55,9.34,6.19,6.08,5.23,6.6,6.4,4.23,7.04,5.84,5.99,5.63,8.13,6.2,5.82,5.39,6.03,5.7,7.38,5.91,6.49,4.18,6.13,5.74,5.34,6.55,6.76,6.07,5.49,6.45,6.36,7.25,6.88,4.93,6.01,4.75,5.95
PHF3,3.59,4.16,4.78,3.89,4.05,4.05,3.48,3.44,4.01,2.78,3.83,3.13,3.48,3.57,3.66,3.72,3.07,3.85,3.98,3.42,3.36,3.88,2.95,3.77,3.95,2.88,3.38,3.37,3.46,4.31,3.63,3.05,4.67,3.71,4.42,4.04,5.02,2.9,4.4,3.36,3.59,4.46,3.37,3.21,3.16,4.36,2.34,3.35,3.78,4.11,3.34,3.16,3.39,3.3,3.52,3.82,3.03,3.52,3.75,2.38,3.64,3.7,3.33,4.07,3.53,3.88,2.63,3.57,3.77,3.07,3.18,3.32,3.56,2.32,3.69,4.12,3.65,3.18,3.77,3.56,3.17,3.4,3.9,2.48,4.07,3.85,3.01,3.12,3.96,3.19,3.11,3.83,3.97,3.24,3.26,3.65,3.68,4.72,3.64,2.8,3.17,3.47,3.32
HMGN3,4.64,5.3,5.62,5.01,4.91,5.34,5.17,4.67,5.13,4.64,5.64,5.52,4.24,4.52,6.02,5.44,4.96,4.98,5.23,4.89,6.85,4.84,6.29,5.07,5.08,4.36,5.83,5.37,4.72,5.04,4.83,5.0,5.18,5.55,5.05,5.59,5.56,4.65,6.05,6.52,4.65,5.37,5.19,5.01,4.99,4.93,4.45,4.91,5.66,5.2,5.43,5.18,4.53,4.61,4.78,4.9,5.2,4.99,4.99,4.85,4.86,4.98,5.01,5.0,5.47,5.56,4.68,5.2,5.09,5.07,5.12,5.44,5.12,3.86,5.82,4.57,4.95,4.19,5.5,6.07,4.97,4.63,5.49,6.01,5.43,5.12,4.56,8.03,5.48,5.37,5.56,5.73,5.25,4.62,4.56,4.86,5.84,5.69,5.25,4.08,4.86,4.9,4.68
CITED2,4.33,5.57,6.22,4.8,5.92,5.74,5.41,4.94,5.23,4.29,5.01,4.91,5.07,5.68,5.43,5.46,5.0,4.9,5.79,5.13,5.52,4.62,4.15,5.03,5.97,4.85,5.21,5.55,4.96,6.21,4.55,5.03,6.18,4.66,6.24,4.85,7.1,5.11,6.05,4.92,4.8,5.97,5.4,4.89,4.69,5.82,4.03,4.35,5.0,5.69,5.31,4.82,3.49,5.63,4.96,6.11,4.71,5.39,5.21,5.16,5.39,5.42,5.18,6.2,5.63,6.24,3.81,5.75,5.09,4.5,4.14,5.04,4.83,3.94,5.36,5.21,5.46,4.88,5.87,4.99,4.49,5.26,5.3,4.39,6.12,5.13,4.78,3.76,5.46,4.9,4.47,5.25,5.69,5.09,4.44,5.54,5.13,6.6,5.33,3.89,3.97,3.96,4.39
MPLKIP,5.42,5.59,6.12,4.77,5.27,5.82,5.05,5.11,5.37,4.25,6.46,5.11,4.57,5.15,5.29,5.9,5.08,5.42,5.19,5.56,5.81,5.8,4.52,4.99,6.5,4.85,5.28,4.93,5.95,5.44,5.05,4.46,5.55,4.61,5.04,5.8,6.82,5.31,5.79,4.98,4.48,6.74,5.24,4.96,5.77,6.64,4.55,5.34,6.32,5.46,6.29,4.85,4.81,4.71,5.44,6.04,5.11,5.25,4.65,4.95,5.09,5.3,5.54,5.57,5.51,5.78,5.57,5.0,5.16,4.77,4.91,5.52,5.06,3.71,5.35,6.17,5.17,4.9,5.14,5.01,5.55,5.02,5.06,4.4,5.42,5.06,5.18,4.37,5.05,5.15,4.74,5.7,5.31,5.03,4.94,5.45,5.85,6.85,5.03,3.9,4.92,5.19,4.67
MCM7,4.63,6.12,6.45,5.83,5.82,6.2,5.15,5.14,6.51,4.41,6.67,5.1,5.3,5.14,5.33,7.17,4.83,5.72,5.83,5.68,7.43,5.37,4.98,5.31,5.72,4.84,5.24,5.7,6.58,5.74,5.35,5.04,6.38,5.17,5.97,5.45,7.79,5.19,6.57,5.67,4.97,6.48,4.9,5.49,6.28,7.12,4.84,5.06,5.86,6.0,7.34,4.66,5.63,4.75,5.61,5.5,5.26,5.19,4.81,4.64,5.86,5.63,5.24,6.46,7.2,5.88,3.81,5.4,5.81,5.79,5.81,5.44,5.55,3.97,6.18,5.88,5.57,4.35,6.78,6.58,5.27,5.4,5.62,4.17,5.56,5.99,4.91,3.96,5.39,5.87,4.54,5.89,5.53,5.6,5.24,5.01,5.78,7.01,5.18,4.75,4.65,6.02,4.76
DNAJC2,4.27,5.58,5.73,5.26,5.27,5.65,4.73,4.83,5.51,3.8,5.01,4.73,4.2,4.85,5.13,5.38,4.61,5.0,5.34,4.59,4.83,4.96,4.74,5.33,5.1,4.27,4.94,4.89,4.65,5.32,4.11,4.68,5.46,4.27,5.44,4.5,5.8,4.81,5.44,5.06,4.85,5.32,4.91,4.98,4.04,5.18,4.96,4.67,4.96,5.53,4.87,4.78,4.13,4.73,5.57,4.8,5.16,5.15,4.96,4.55,4.84,5.14,4.68,5.26,5.46,4.83,4.5,5.09,4.8,4.58,4.45,4.59,5.11,3.78,5.32,5.7,5.17,4.37,4.92,5.27,4.39,4.52,4.79,5.11,5.12,5.51,4.46,3.85,5.19,4.8,4.63,5.51,5.31,4.39,4.18,5.02,5.7,5.63,4.47,4.02,5.03,4.39,4.42
TRIM24,4.27,5.86,6.67,5.49,6.41,5.82,5.28,5.44,5.68,4.28,5.28,4.69,4.45,6.01,5.13,5.18,5.79,5.2,6.3,4.76,5.45,5.17,3.74,5.53,5.97,4.52,5.05,5.09,5.24,5.53,4.5,4.44,5.85,4.84,5.83,5.74,6.89,4.79,6.38,4.74,5.06,6.09,5.76,4.94,4.22,5.43,4.17,4.81,4.99,6.01,5.39,5.21,3.79,5.02,5.53,5.33,4.57,5.47,4.7,4.53,5.23,5.91,5.38,5.57,5.84,5.96,5.06,5.31,4.83,4.95,4.86,4.87,5.3,4.11,5.47,5.52,5.45,5.64,5.22,5.51,4.95,4.89,5.62,4.65,5.5,4.21,4.58,3.89,5.3,4.6,4.53,5.63,5.72,4.9,4.83,5.6,5.47,6.46,5.15,4.42,5.23,4.37,5.89
ZNF398,4.12,5.66,6.3,5.13,5.04,5.86,5.25,4.67,5.79,4.03,5.2,4.72,4.35,5.14,5.65,5.71,4.9,5.01,5.34,4.52,5.16,5.04,5.06,5.33,5.2,4.19,5.1,5.07,5.1,5.48,4.25,4.52,5.49,4.55,5.66,5.15,5.95,4.63,5.32,5.03,4.95,5.38,5.4,4.9,4.86,5.26,4.33,4.38,4.97,5.78,5.04,4.88,4.24,5.2,4.98,4.93,4.68,5.63,4.87,4.5,4.9,4.88,5.1,5.84,5.64,5.58,4.25,4.91,5.85,4.98,4.44,5.08,5.04,3.15,5.59,4.81,5.26,4.44,5.36,5.07,4.82,4.95,4.96,4.31,4.94,4.84,4.54,3.99,5.44,5.33,4.18,5.62,5.32,4.6,4.48,5.04,5.62,6.05,4.95,3.75,4.27,4.57,4.26
NONO,5.57,4.57,4.66,4.05,4.21,3.95,3.56,4.83,4.93,3.5,4.5,3.81,3.05,4.02,3.74,3.73,4.09,3.91,4.72,2.85,3.57,3.54,3.69,4.17,3.97,4.59,4.04,3.98,3.35,4.25,3.71,3.25,4.46,3.84,5.84,3.57,4.89,3.16,4.43,4.35,3.67,4.52,4.2,3.95,3.72,5.99,3.01,3.34,4.45,4.53,3.41,4.46,3.29,3.67,4.75,3.9,4.33,3.75,3.85,3.68,3.78,3.29,4.02,5.45,3.8,3.98,3.85,3.78,4.36,3.33,3.42,4.1,4.73,2.03,4.03,4.55,3.77,4.5,3.96,4.43,3.66,3.71,3.7,3.04,4.28,4.92,3.22,2.66,4.55,4.03,3.57,4.45,4.24,4.06,2.72,3.43,4.02,4.54,4.07,2.66,3.61,3.24,4.3
ZIC3,4.59,6.29,6.77,5.48,5.68,6.23,5.38,5.3,5.89,4.13,5.73,5.39,4.94,5.68,5.72,5.64,5.26,5.52,6.14,5.0,5.37,5.44,5.16,5.72,5.73,4.87,5.47,5.44,5.35,5.97,5.02,5.33,6.36,5.2,5.84,5.35,6.62,5.03,6.33,5.5,5.4,6.25,5.77,5.09,4.75,5.98,4.49,4.77,5.72,6.08,5.5,5.56,4.45,5.18,5.53,5.92,4.82,5.61,5.37,4.6,5.68,5.95,5.29,6.09,5.54,5.52,4.67,5.53,5.58,4.86,4.84,5.08,5.54,4.46,5.82,5.51,5.88,4.77,5.17,5.68,4.94,5.08,5.56,4.75,5.71,5.1,5.28,3.72,5.73,5.24,5.27,6.12,6.03,5.04,4.83,5.58,5.76,6.31,5.41,4.68,5.23,4.47,5.13
SOX3,2.11,3.09,3.82,3.13,2.81,3.83,2.9,3.1,3.55,2.54,3.41,2.94,3.05,2.88,3.37,3.85,2.89,3.11,3.23,2.89,3.04,3.19,2.68,3.34,3.4,2.51,3.17,3.01,2.63,3.33,2.3,2.7,3.5,2.83,3.44,3.41,4.42,2.8,3.62,3.71,2.67,3.65,2.88,2.72,3.07,3.86,2.46,4.14,3.8,3.27,4.04,2.87,2.18,2.77,2.74,3.47,2.6,3.1,2.86,2.23,3.41,3.23,2.73,3.37,3.65,3.56,5.22,3.52,2.96,2.44,2.85,2.78,3.03,2.8,3.18,4.04,3.05,2.48,2.99,3.15,2.79,2.51,3.05,2.31,3.54,2.79,2.62,2.51,2.97,2.61,2.69,3.84,3.17,2.82,2.49,3.04,2.96,4.1,3.01,1.87,2.62,2.65,2.88
MCM4,3.32,4.28,4.44,4.19,4.13,4.14,3.48,3.83,4.37,3.1,4.09,4.07,3.6,3.92,4.05,3.83,4.23,3.99,4.04,3.64,3.36,3.7,3.51,4.17,3.93,3.18,3.8,3.9,3.43,4.13,3.43,3.45,4.31,3.73,3.91,3.69,4.7,3.64,4.3,3.94,3.87,4.25,3.71,3.69,2.93,4.25,3.39,3.88,4.05,4.12,4.1,3.53,3.25,3.63,4.0,3.82,3.67,4.4,3.56,4.15,3.78,3.84,3.71,3.97,4.15,3.83,3.14,4.03,3.92,3.25,3.35,3.7,4.35,2.93,4.02,4.21,3.92,3.79,3.8,4.04,3.55,3.41,3.72,3.38,3.9,3.81,3.19,3.99,4.24,3.86,3.55,4.15,4.07,3.56,3.57,3.91,4.56,4.36,3.95,3.0,3.51,3.75,3.41
TCEA1,5.6,6.83,7.31,6.14,6.63,6.59,6.25,6.32,7.2,5.41,6.89,6.16,6.12,6.08,6.23,6.58,6.09,6.59,6.45,5.8,6.55,6.52,5.79,6.47,7.08,5.98,6.35,6.39,6.37,6.93,5.84,5.78,7.01,6.13,6.82,6.36,7.67,6.2,7.3,6.15,6.25,7.13,6.5,5.99,4.91,6.91,5.68,5.95,6.51,6.44,6.79,6.12,5.41,6.18,6.49,6.14,5.83,6.61,6.1,5.66,6.44,6.82,6.63,7.03,6.77,7.34,5.06,6.79,6.61,6.09,6.14,5.99,6.55,5.53,6.49,6.34,6.42,5.76,6.29,6.36,5.55,6.18,6.42,5.59,6.87,6.13,5.8,4.93,6.47,6.06,5.76,6.9,6.43,6.45,5.93,6.18,6.44,7.93,6.44,5.29,5.94,5.51,5.96
CHD7,5.53,6.45,6.98,5.99,6.11,6.5,5.82,5.82,6.26,4.77,6.04,5.57,4.97,5.85,6.56,6.33,5.95,6.08,6.11,5.53,6.09,5.79,5.4,6.05,6.54,5.18,5.6,5.57,5.87,6.77,5.88,5.88,6.8,5.15,6.59,5.36,7.36,5.66,6.81,6.04,6.19,6.54,5.96,5.66,5.43,6.42,5.55,5.89,5.53,6.62,5.68,5.66,5.05,5.44,6.12,6.22,5.44,6.11,5.92,4.96,5.77,6.04,5.77,6.61,6.68,7.08,4.25,5.81,5.88,5.16,5.37,5.71,6.22,4.29,6.08,5.22,5.84,5.44,6.66,6.12,5.83,5.18,5.78,5.23,6.78,5.45,5.29,4.59,5.99,5.02,5.18,6.37,6.33,5.11,5.4,5.98,6.11,7.06,5.91,5.09,5.64,5.01,5.89
PRDM14,4.26,5.44,5.82,4.8,4.93,5.54,4.69,5.09,5.34,3.48,4.88,4.53,4.59,4.79,5.21,4.65,4.61,4.67,5.23,4.59,4.85,4.85,4.04,4.66,5.04,4.52,4.56,4.69,4.56,5.33,4.28,4.43,5.46,4.73,5.49,4.96,5.66,4.57,5.55,4.6,4.7,5.36,5.1,4.36,4.76,5.2,4.21,4.22,4.97,5.27,4.57,4.72,3.7,4.56,5.08,4.87,4.3,4.89,4.36,4.14,5.0,5.09,4.6,5.41,4.69,5.25,4.25,5.04,4.85,4.06,4.12,4.73,4.74,3.38,5.08,4.28,5.02,4.54,4.7,5.28,4.37,4.69,4.8,4.23,4.98,4.49,4.11,3.56,5.04,4.52,4.35,5.37,5.26,4.33,3.93,4.92,4.89,5.25,4.85,4.32,4.29,3.87,4.26
RUNX1T1,3.6,5.23,5.35,4.18,4.69,5.24,4.64,4.92,5.17,3.62,4.58,3.91,3.46,4.42,4.68,4.59,4.15,4.92,5.11,3.95,4.27,4.56,3.33,4.7,5.04,3.53,4.09,4.06,4.45,5.26,3.91,4.45,5.53,3.88,5.4,4.53,6.15,4.14,5.55,4.16,4.68,5.24,4.59,4.44,2.93,4.86,3.27,4.09,4.43,5.29,4.56,4.33,2.97,4.2,4.77,4.95,4.25,4.56,4.0,4.17,4.49,4.59,4.41,5.11,4.17,4.7,3.93,4.1,4.77,4.08,3.78,4.34,4.95,3.49,4.93,3.99,4.93,4.24,4.1,4.78,4.0,4.55,4.46,4.04,5.23,4.35,3.96,3.07,4.61,4.04,4.1,5.22,5.01,3.91,4.35,4.76,4.82,5.46,4.42,4.04,3.57,3.56,3.99
MYC,4.0,5.19,5.92,4.65,4.84,5.55,4.2,4.09,5.26,4.07,5.83,5.14,4.2,4.44,4.93,5.8,4.48,5.06,5.07,4.41,4.52,4.68,4.87,4.52,6.16,3.95,4.53,4.68,5.67,5.4,4.9,4.08,5.62,4.57,5.39,5.36,5.87,3.99,5.79,4.55,4.87,5.0,4.9,4.9,4.92,4.79,4.26,4.76,5.45,5.39,5.04,4.4,3.33,4.65,4.98,4.79,4.45,4.72,4.14,4.16,5.37,5.1,5.11,5.57,5.55,5.14,7.13,4.66,4.93,4.84,4.6,4.52,4.58,3.62,5.16,4.82,4.57,4.36,4.85,4.92,4.46,4.66,4.58,3.91,5.34,4.04,4.13,4.18,5.02,4.52,3.86,5.78,4.94,4.29,4.04,5.01,5.05,5.35,4.55,3.58,4.25,4.24,3.89
MAF1,4.17,5.41,5.3,5.96,5.12,5.47,4.07,4.54,5.23,4.53,6.66,4.84,4.88,5.39,5.34,5.84,4.83,4.6,5.09,4.46,5.45,5.66,4.09,5.21,5.57,4.68,5.27,4.86,5.75,5.27,3.8,5.05,5.44,4.52,6.77,5.07,6.02,5.11,5.37,4.65,4.83,5.22,5.01,4.84,4.35,5.34,3.98,3.84,5.16,5.62,6.12,4.42,5.23,6.01,5.06,4.78,4.21,4.97,4.22,4.33,4.9,5.05,5.55,5.16,5.72,5.93,5.06,4.42,4.77,4.73,4.63,4.07,5.69,4.03,5.87,5.1,4.9,4.81,4.93,5.15,4.19,4.74,4.74,3.39,5.23,4.9,4.91,4.2,4.87,5.26,3.99,4.97,5.38,4.65,4.34,5.27,5.14,5.84,4.4,4.49,4.93,4.75,5.52
FOXH1,3.85,6.87,5.9,4.36,6.15,5.19,4.67,4.79,7.25,4.5,4.28,5.12,3.27,4.93,3.65,5.28,4.21,5.56,5.83,6.49,4.92,5.82,4.93,5.47,4.57,4.33,4.32,5.92,6.19,5.51,5.11,5.62,6.04,4.04,5.31,5.39,5.1,5.34,6.35,3.42,5.09,4.68,5.4,4.68,5.71,4.03,3.39,3.9,4.96,6.93,5.76,4.89,4.57,6.5,4.76,4.87,4.76,6.16,3.93,4.3,6.24,4.41,6.39,5.19,4.38,5.66,6.15,4.7,5.49,4.02,4.01,4.75,4.67,3.25,3.74,5.18,4.13,3.47,4.84,3.8,4.74,5.66,4.43,3.87,4.7,4.47,4.37,4.21,4.52,4.89,4.23,6.39,4.13,6.35,4.83,5.79,6.39,4.86,5.61,4.94,5.0,3.89,4.33
GTF3C5,3.15,4.24,4.59,3.72,4.19,4.42,3.8,3.72,3.78,2.55,4.09,3.24,3.19,3.86,3.67,3.77,3.66,3.95,4.38,3.66,3.22,3.84,3.49,3.58,4.13,3.95,3.66,3.48,3.47,4.47,3.11,3.58,4.37,3.42,3.92,3.81,5.02,3.77,4.15,3.98,4.27,4.2,3.5,3.56,2.75,3.98,3.54,3.77,3.64,4.03,3.58,3.48,2.69,3.58,3.63,3.92,3.97,4.4,3.55,3.0,3.76,3.87,3.86,4.04,3.57,3.91,3.33,3.88,3.79,3.44,3.44,3.9,3.61,2.73,4.35,3.14,3.8,3.4,3.3,3.6,3.63,3.35,3.65,2.74,4.55,3.56,3.53,2.86,3.82,3.47,3.86,3.9,4.1,3.31,3.7,3.91,3.63,4.55,3.74,3.15,3.42,3.58,3.47
NAP1L4,2.85,4.22,4.96,3.83,4.13,4.48,3.84,3.94,4.37,2.54,4.32,3.6,3.28,4.06,4.31,4.02,3.9,4.12,4.3,3.5,3.89,3.92,3.01,3.97,4.43,3.44,3.71,3.58,3.69,4.63,2.81,3.59,4.87,3.37,4.43,3.76,5.52,3.65,4.79,4.33,4.23,4.54,4.23,3.72,3.21,4.12,3.06,3.19,3.93,4.42,3.86,3.61,2.67,3.77,3.99,3.98,3.19,4.43,3.75,2.85,4.01,4.69,3.75,4.49,3.96,4.44,2.34,3.93,3.96,3.26,3.07,3.79,3.97,2.41,4.53,3.5,4.21,3.24,3.97,4.18,3.27,3.27,4.06,3.0,4.39,3.47,3.25,2.64,4.37,3.87,3.12,4.47,4.26,3.45,3.16,4.0,3.97,4.85,3.62,3.02,3.65,3.07,3.35
HTATIP2,3.95,4.72,4.9,4.33,4.31,4.63,4.02,4.16,4.45,3.74,4.5,4.44,3.74,4.41,4.49,5.76,4.16,4.12,4.33,3.92,5.55,4.25,3.83,4.08,4.6,4.16,4.13,4.4,5.36,4.58,4.12,4.02,4.63,4.14,4.58,3.97,5.2,4.15,4.84,4.3,4.17,4.65,4.34,3.99,5.47,4.79,4.19,3.88,4.33,4.57,5.77,3.97,3.83,4.07,4.19,4.62,4.01,4.33,4.05,3.98,4.34,4.19,3.95,4.7,5.78,5.51,3.61,4.27,4.3,3.79,4.09,4.4,4.17,3.75,4.3,4.08,4.39,4.08,5.38,4.34,4.29,3.91,4.27,3.9,4.37,4.27,4.07,3.67,4.17,4.01,3.97,4.6,4.65,4.34,3.8,4.27,4.26,5.79,4.13,3.74,4.11,3.81,3.77
DDB2,3.26,5.2,6.07,4.28,5.04,5.22,4.24,4.55,5.26,2.94,5.13,4.05,3.79,4.81,4.66,4.51,4.5,4.71,5.19,4.07,4.51,4.57,3.66,4.74,5.66,4.07,4.38,4.26,4.55,5.43,3.96,4.09,5.56,3.93,5.11,5.49,6.35,3.91,5.59,4.62,4.76,5.59,4.74,4.41,2.81,5.85,3.68,3.78,5.4,5.25,5.22,4.16,3.44,4.31,4.8,5.42,4.61,4.91,4.24,3.76,4.66,4.79,4.4,5.27,4.21,5.02,6.41,4.27,4.89,4.09,3.62,4.27,4.34,3.25,5.01,5.66,5.06,4.07,4.16,4.78,4.33,4.1,4.67,3.79,5.09,4.07,4.26,3.28,4.47,4.54,4.09,5.44,5.08,4.34,3.47,4.92,4.96,5.72,4.68,3.41,4.02,3.12,4.08
RSF1,4.23,5.71,6.43,5.28,5.67,6.5,4.67,5.21,6.25,4.67,5.14,4.67,5.49,6.25,5.67,4.81,4.91,6.35,5.82,4.99,5.88,4.97,5.29,6.33,5.88,4.44,5.89,6.09,4.52,5.94,4.77,5.15,6.92,4.46,6.06,5.52,7.24,4.89,6.73,4.5,5.48,6.08,5.25,4.88,4.48,5.51,5.66,5.08,5.13,6.12,4.62,5.7,6.23,5.09,6.19,5.63,5.78,4.82,4.7,3.78,6.1,5.32,4.68,6.43,6.1,6.44,5.75,4.7,5.38,4.23,5.27,5.21,5.29,4.03,5.69,4.81,5.39,5.62,5.84,4.89,5.48,4.76,5.26,4.81,5.52,4.59,5.09,4.72,5.67,5.03,5.45,6.28,5.64,4.84,5.33,5.28,6.38,5.49,4.87,4.29,5.84,4.15,4.12
ZNF22,3.96,5.47,5.79,4.63,4.72,5.39,4.75,4.48,5.35,3.44,4.55,4.15,3.91,4.68,4.81,4.77,4.43,4.69,5.45,3.73,4.67,4.67,3.94,5.01,4.75,3.93,4.33,4.89,5.07,5.39,3.85,4.54,5.28,4.15,5.02,4.46,5.72,4.73,5.93,4.42,4.62,5.44,5.09,4.21,4.23,4.96,4.23,4.34,5.11,5.68,4.29,4.95,4.04,4.31,5.12,5.05,4.25,4.88,4.44,3.89,4.42,5.37,4.35,5.35,4.35,5.1,4.08,4.47,4.55,4.16,4.95,4.29,5.08,4.28,5.0,4.82,5.01,4.41,4.07,4.43,4.52,4.19,5.15,3.69,5.0,4.83,4.21,3.4,5.1,4.52,4.14,4.99,5.37,4.64,3.42,4.91,4.69,5.2,4.68,4.0,4.48,3.9,4.24
JMJD1C,3.05,4.08,4.81,3.58,3.85,4.38,3.75,3.8,4.15,2.49,4.17,3.36,2.88,4.19,3.92,3.58,3.73,3.96,4.03,3.73,3.59,4.12,3.12,3.56,4.72,3.16,3.49,3.89,3.48,4.24,3.19,3.48,4.73,3.24,4.38,4.57,5.26,3.34,4.31,3.62,4.1,5.02,3.85,3.42,3.05,4.73,3.41,3.35,4.53,4.07,4.66,4.12,3.12,3.75,3.81,5.23,3.48,3.87,3.34,3.1,3.65,4.18,3.65,4.22,3.82,4.14,5.08,3.67,3.8,3.07,3.08,3.44,3.76,3.1,3.97,4.66,3.89,3.44,3.71,3.87,3.53,3.31,4.09,3.45,3.81,3.4,3.45,2.95,3.79,3.29,3.15,4.12,3.94,3.3,2.86,3.71,3.85,4.88,3.56,3.17,3.12,3.16,3.21
PDLIM1,5.19,6.6,7.17,5.89,6.08,6.66,6.22,6.22,6.93,5.01,6.4,5.71,5.42,6.14,6.64,6.71,5.81,6.72,6.95,5.06,6.25,5.76,5.82,6.27,6.76,5.3,6.29,6.13,6.19,7.02,5.19,6.05,7.12,6.06,6.88,6.07,7.96,6.03,7.42,5.98,6.43,7.27,6.51,5.66,4.88,6.19,5.28,5.36,6.27,6.64,6.3,6.02,4.71,6.11,6.19,6.36,5.06,6.1,5.81,5.43,6.64,6.33,5.54,7.29,6.44,6.86,4.75,6.58,6.33,5.79,5.39,5.97,5.95,4.56,6.55,5.8,6.2,5.75,6.16,6.34,5.88,5.94,6.33,4.97,6.61,6.2,5.77,4.6,6.18,5.88,5.42,7.38,6.44,4.9,4.65,6.29,6.51,7.09,6.01,4.8,5.6,5.11,5.31
MKI67,5.9,6.59,7.2,6.05,6.08,6.37,6.85,5.83,6.26,5.51,6.05,5.21,5.74,5.98,6.99,6.24,5.58,5.79,6.41,6.75,5.77,6.58,5.78,7.46,6.22,5.94,6.13,5.95,5.65,6.24,6.29,5.08,6.95,6.85,6.68,5.49,7.82,4.81,6.97,6.45,5.65,6.85,6.23,6.25,4.73,5.94,4.69,5.89,5.41,6.75,5.59,6.78,4.21,6.36,5.38,5.97,5.26,5.92,6.28,4.35,6.3,6.21,5.45,7.03,5.99,6.9,6.06,5.73,6.07,5.66,4.99,7.26,5.56,3.82,5.89,5.29,5.67,5.31,6.32,5.5,5.32,7.26,5.64,4.54,6.42,5.31,5.02,4.11,7.31,5.29,6.02,6.83,6.17,6.19,6.24,7.53,5.66,7.82,6.05,4.46,5.02,5.75,7.22
UTF1,5.57,7.48,8.0,6.63,7.03,7.57,6.51,6.78,7.24,6.9,7.16,6.36,6.01,6.75,7.52,7.82,6.88,7.67,7.36,6.77,6.73,6.63,7.29,6.81,6.39,6.31,6.85,6.99,6.36,8.42,5.52,7.3,7.09,7.0,6.49,5.66,8.33,6.55,8.16,7.66,6.44,6.7,6.52,6.52,5.59,7.16,5.84,6.25,5.73,7.34,6.62,6.73,6.14,6.66,6.45,6.65,6.37,6.96,5.91,6.69,8.01,6.89,6.58,7.61,6.82,7.05,4.66,6.93,7.77,6.24,7.12,7.04,6.43,5.48,7.57,5.48,6.78,6.27,6.58,7.01,6.55,6.83,6.73,6.27,6.68,7.23,6.7,5.05,6.85,6.74,6.94,6.99,7.35,6.75,6.2,6.56,6.88,7.52,7.44,5.82,6.27,6.35,6.21
VENTX,2.44,3.35,3.83,2.66,3.07,3.57,2.95,2.99,3.16,2.11,3.88,3.04,2.9,3.16,2.82,3.16,3.1,2.9,3.18,2.39,2.98,3.2,2.67,3.01,3.55,2.93,2.63,2.93,2.84,3.4,2.84,2.82,3.38,2.91,3.31,3.21,4.54,2.89,3.67,2.8,3.02,3.64,3.1,2.81,2.32,4.0,2.55,2.66,3.34,3.3,3.44,2.85,2.35,3.09,3.03,3.37,2.69,3.13,2.72,2.53,3.11,3.11,2.91,3.42,2.73,2.91,2.78,2.7,3.18,2.75,2.57,3.33,2.79,2.46,3.22,3.28,3.26,2.98,2.74,3.02,3.02,2.96,3.08,2.62,3.13,2.67,2.92,2.36,2.82,2.64,2.56,3.23,3.17,2.87,2.82,3.15,2.87,3.87,2.88,2.84,2.57,2.43,2.8
NANOG,5.35,6.81,7.43,6.11,6.42,6.71,6.09,6.13,7.61,3.94,6.42,4.89,5.03,5.9,6.12,5.69,6.56,6.87,7.14,5.39,5.47,6.27,5.51,6.33,6.39,5.62,6.52,5.64,6.11,6.71,5.37,6.56,7.38,5.97,6.38,6.26,7.54,6.12,7.45,6.66,6.43,6.87,5.89,5.98,4.81,6.44,5.76,5.84,6.57,7.01,5.59,6.35,4.56,5.91,6.5,6.14,5.66,6.26,5.53,4.62,6.43,6.84,5.6,7.02,5.82,6.76,5.14,5.64,6.17,5.61,5.47,5.51,6.11,4.05,6.39,5.94,6.09,5.94,5.97,6.64,5.46,5.48,6.05,5.82,6.3,5.17,5.85,4.48,5.85,6.13,5.75,7.17,6.57,5.85,5.24,6.64,6.32,7.37,5.97,5.81,5.11,5.12,5.46
GTF3A,4.7,5.82,6.49,6.04,5.09,5.64,5.14,5.4,6.82,5.33,6.36,5.09,4.86,5.39,5.12,5.96,5.73,5.2,5.27,4.91,5.25,5.92,4.48,4.93,5.91,4.91,6.0,4.71,5.48,6.34,5.39,5.02,6.08,4.74,5.31,5.44,6.36,5.52,5.86,5.87,5.71,6.16,5.62,5.07,4.65,6.18,4.96,5.38,5.23,6.01,4.97,4.98,5.27,4.73,5.47,5.93,5.56,6.2,4.18,4.52,5.33,5.83,5.75,5.67,6.61,4.79,4.5,5.08,5.85,4.61,4.33,5.85,5.24,5.0,5.74,5.18,5.62,5.13,4.76,5.46,5.08,4.7,6.31,4.52,5.2,6.43,5.83,4.74,5.69,4.96,4.71,5.51,6.34,6.19,5.5,5.2,5.89,6.29,5.1,4.03,4.59,5.18,4.8
TSC22D1,4.54,5.5,6.47,5.13,5.19,5.43,5.21,5.31,6.04,4.27,5.3,5.25,4.59,5.28,5.22,5.2,4.84,5.23,5.66,4.71,4.99,5.2,4.62,5.42,5.07,4.73,5.29,5.16,5.52,5.76,4.4,4.83,5.8,4.79,5.55,4.88,6.01,5.09,6.05,5.72,4.56,5.41,5.21,5.26,4.27,5.16,4.76,4.42,5.63,5.54,5.16,4.98,4.52,4.91,5.71,4.57,5.01,5.31,4.68,5.08,5.19,5.43,5.27,5.36,5.32,5.12,4.41,5.26,5.54,4.58,5.08,4.69,5.24,4.05,5.86,4.4,5.16,5.32,4.91,5.65,5.0,4.76,5.54,4.56,5.44,5.32,4.97,4.49,5.57,5.4,5.04,5.68,5.32,4.74,5.39,5.26,5.54,5.83,5.46,4.92,4.45,4.76,5.17
ZIC2,2.93,3.68,3.97,3.45,3.67,3.89,3.17,3.27,4.21,2.77,3.57,3.62,2.72,3.28,4.07,3.89,3.43,3.61,3.65,2.99,3.59,3.56,3.74,3.32,3.72,3.09,3.44,3.63,3.34,3.93,2.79,3.43,4.15,2.88,3.76,3.72,4.79,3.29,4.11,3.71,3.39,3.7,3.43,3.25,3.11,3.72,3.08,3.16,3.49,4.03,3.72,3.32,3.12,3.05,3.68,3.65,3.02,3.44,3.14,3.04,3.54,3.56,3.4,4.0,3.55,3.93,2.42,3.5,3.53,2.91,2.96,3.43,3.39,2.39,3.56,3.13,3.9,3.23,3.83,3.54,3.09,3.04,3.38,3.11,3.82,4.38,2.7,3.16,3.61,3.49,3.24,3.89,3.7,3.26,3.04,3.5,3.66,4.22,3.36,2.55,2.9,2.92,3.03
SALL2,3.0,4.45,6.03,5.57,5.2,4.6,3.9,3.83,5.53,3.98,4.36,4.0,2.95,4.39,4.27,4.43,4.57,4.03,5.07,3.36,5.21,4.55,3.43,4.73,4.14,3.74,4.2,4.31,4.21,4.78,3.33,3.84,5.23,4.04,4.32,4.01,5.89,4.17,5.14,4.37,3.93,4.84,4.58,3.93,5.08,4.17,3.4,4.69,3.74,5.4,4.32,3.58,3.4,3.82,4.98,4.27,4.4,4.5,5.1,3.44,3.94,4.53,3.49,4.35,5.97,4.63,5.04,4.1,3.91,4.78,4.42,4.08,5.7,2.65,4.5,4.38,4.09,4.27,4.17,4.78,3.81,3.49,4.25,3.83,4.21,4.04,3.58,2.7,3.8,4.08,3.64,5.08,4.53,3.14,4.08,4.37,5.6,4.93,4.94,4.41,3.61,3.92,4.17
MIS18BP1,4.39,6.0,6.98,5.32,5.61,7.1,5.16,5.34,5.47,3.88,6.23,4.65,5.02,5.81,6.1,5.72,5.7,5.94,6.6,4.98,5.21,5.92,4.53,5.76,6.76,4.76,5.28,5.25,5.47,6.32,4.78,5.06,6.76,5.91,6.37,5.83,7.5,4.64,7.01,5.28,5.75,6.66,5.69,5.36,5.49,6.55,5.43,5.09,6.08,6.25,5.48,5.51,4.65,5.37,5.49,6.15,4.92,6.08,5.32,4.07,5.61,6.14,5.48,6.58,5.46,6.3,6.21,5.72,6.31,4.52,5.51,5.42,4.88,4.27,5.87,5.19,5.58,4.93,5.94,5.27,5.23,5.61,5.56,4.31,6.14,5.45,4.72,3.89,6.27,5.07,5.65,6.46,5.97,5.53,5.2,6.24,5.58,7.38,5.25,4.74,4.53,4.65,5.35
CHURC1,3.42,5.03,5.41,4.0,4.31,4.74,3.72,4.27,4.76,3.28,4.4,3.89,3.45,4.23,4.74,4.98,4.41,4.3,4.82,3.68,4.25,4.09,3.76,4.54,4.48,3.79,4.44,4.77,4.3,5.03,3.41,4.3,5.28,4.67,4.6,4.22,5.62,4.19,5.21,4.24,4.17,5.04,4.26,4.39,3.65,4.7,3.72,3.82,4.42,4.68,4.48,3.95,3.4,4.33,4.62,4.66,3.64,4.28,4.13,3.63,4.62,4.31,4.26,4.86,5.08,4.58,3.75,4.3,4.7,3.62,4.24,4.32,4.2,3.31,4.52,4.82,4.34,3.77,4.21,4.22,4.07,3.91,4.48,4.67,4.42,4.0,3.72,2.86,4.36,4.05,3.91,5.0,5.15,4.19,3.94,4.78,4.58,5.53,4.28,3.29,3.67,3.45,3.85
ZFP36L1,4.18,6.42,6.71,5.68,6.33,6.3,5.27,5.05,6.48,4.06,6.86,4.85,4.15,5.45,5.53,5.1,5.51,5.68,5.94,4.41,4.91,6.11,4.61,5.76,6.1,4.4,5.05,5.07,4.9,6.49,3.85,4.73,6.74,5.38,6.16,6.03,8.07,4.66,6.86,6.09,5.19,6.44,6.1,4.96,4.39,6.4,4.04,6.03,5.6,6.08,5.18,5.38,4.81,4.64,5.62,6.69,5.02,5.81,4.88,4.1,5.89,6.63,5.57,6.57,5.18,5.27,4.19,5.86,6.07,4.04,5.09,4.99,5.2,3.63,5.47,4.71,5.13,5.21,4.64,5.93,4.52,4.86,5.5,4.47,5.72,5.13,4.51,3.06,6.26,4.72,5.01,6.1,6.15,5.88,4.79,5.86,6.29,6.59,5.43,3.77,5.03,5.38,4.69
SNW1,2.99,4.37,4.88,4.25,4.26,4.52,3.92,4.03,4.51,2.98,4.16,3.65,3.49,4.03,4.22,3.97,3.97,4.13,4.57,3.86,4.11,3.94,3.37,4.01,4.21,3.62,4.01,3.95,3.99,4.38,3.27,3.81,4.55,3.93,4.57,3.83,5.09,3.75,4.8,3.71,4.09,4.66,4.18,3.84,2.67,4.41,3.46,3.62,3.93,4.36,4.02,3.73,3.14,4.12,4.09,4.38,3.46,4.34,3.72,3.26,4.05,4.27,3.84,4.57,4.0,4.49,2.93,4.25,4.17,3.5,3.61,3.84,4.22,2.86,4.32,3.77,4.02,3.43,4.0,4.24,3.5,3.86,4.21,3.45,4.37,3.9,3.67,2.73,4.16,3.87,3.59,4.58,4.3,3.75,3.08,4.06,4.35,4.78,4.33,3.2,4.0,3.16,3.78
PAPOLA,4.57,5.41,6.03,5.03,5.57,5.55,5.22,5.04,5.03,3.43,5.5,4.82,5.4,4.86,5.28,5.05,4.95,4.97,5.35,4.59,4.49,5.16,5.06,4.43,5.14,4.43,5.21,4.73,4.81,5.38,4.25,4.47,5.39,4.97,5.55,4.6,6.27,4.53,5.64,4.09,4.54,5.36,5.23,4.64,4.26,5.52,5.56,4.24,5.24,5.41,4.92,5.21,4.62,5.33,4.67,5.29,3.94,5.1,4.39,4.96,4.83,5.13,4.9,5.54,5.58,5.58,3.88,4.87,5.24,5.3,5.14,5.11,4.91,3.89,5.38,4.41,4.56,4.48,5.18,5.57,4.9,4.41,5.21,4.37,5.33,4.7,4.59,3.65,5.44,4.56,4.39,5.02,5.16,5.04,4.09,4.86,5.12,6.04,4.92,4.02,4.96,4.12,4.44
RAD51,3.88,5.62,6.03,5.02,5.31,5.38,4.39,4.75,5.2,3.7,6.13,4.81,4.03,4.92,4.86,5.35,4.89,4.69,5.2,5.86,5.18,5.12,4.76,5.09,5.88,4.19,4.82,4.88,5.26,5.71,3.5,4.27,5.64,4.37,5.31,5.54,6.3,5.17,5.98,4.9,4.77,5.36,4.77,5.2,5.1,5.75,4.09,4.36,6.01,5.58,5.94,4.79,3.64,5.01,4.73,5.46,3.99,4.86,4.42,4.07,5.52,4.87,5.44,5.53,5.85,4.93,5.2,5.17,4.74,3.52,4.5,4.68,5.26,3.26,5.33,5.2,5.08,3.71,4.64,5.06,4.4,4.75,5.0,3.99,5.03,4.82,4.38,3.62,5.06,5.4,4.4,5.68,5.31,4.82,3.76,4.61,6.96,6.02,4.71,3.7,4.27,3.91,4.3
ZSCAN10,4.91,5.57,6.08,4.5,5.16,5.95,4.52,5.65,5.16,3.68,5.51,4.74,5.18,5.33,5.06,5.6,4.54,5.51,5.63,4.07,5.25,5.05,4.6,5.28,5.84,4.54,5.27,4.64,5.22,5.84,4.22,5.29,6.0,4.61,6.07,5.77,6.9,4.88,6.18,4.04,4.97,5.86,5.42,4.97,4.88,5.4,3.97,4.97,5.75,5.89,5.08,5.32,3.89,4.99,5.08,5.57,4.95,5.1,4.64,4.09,5.41,5.37,5.6,5.79,5.03,6.27,4.35,5.37,5.26,4.34,4.13,4.83,4.5,4.33,5.54,4.87,5.37,4.63,5.36,5.22,5.17,4.87,5.44,4.59,5.94,5.06,5.55,3.51,4.81,4.8,3.74,5.83,5.81,4.99,5.31,5.46,5.47,6.47,5.1,4.19,5.0,4.16,4.85
PLK1,4.58,6.17,6.82,5.3,5.71,6.26,5.31,5.6,6.06,3.63,6.13,4.9,5.19,5.65,5.85,6.15,5.54,5.82,6.01,5.39,5.7,5.27,5.28,5.62,5.86,5.13,5.73,5.85,5.66,6.26,4.85,5.32,6.42,5.37,6.16,6.21,6.74,5.0,6.37,5.41,5.62,6.25,5.44,5.25,4.05,5.94,5.1,4.96,5.54,6.47,5.67,5.24,4.75,5.89,5.41,5.48,4.78,5.5,5.94,4.68,5.57,5.88,5.84,6.12,5.75,5.76,4.0,5.54,5.29,5.14,5.83,5.42,5.71,4.87,6.06,5.56,5.83,4.92,5.73,6.19,5.25,5.13,5.41,4.72,6.16,5.29,4.97,3.78,6.03,5.07,5.36,6.07,6.31,4.82,4.63,5.63,5.93,6.31,5.18,5.41,5.25,5.03,4.81
MAZ,3.67,4.73,5.24,3.83,4.61,5.0,3.86,4.37,4.49,3.05,4.4,4.01,3.71,4.16,4.51,4.61,3.89,4.17,4.42,3.95,4.17,4.42,3.54,4.26,4.61,3.37,4.19,4.35,4.11,4.61,3.44,3.77,4.79,4.35,5.0,5.44,5.73,4.14,5.03,4.18,3.9,4.7,4.29,4.14,3.97,4.76,4.89,3.96,4.7,4.8,4.45,4.08,3.44,4.47,4.2,4.55,4.43,4.05,4.13,3.74,4.18,4.25,4.3,4.63,4.6,4.37,5.34,4.35,4.06,3.68,3.55,4.47,4.5,3.0,4.42,4.03,4.52,3.75,4.43,4.52,4.17,3.84,4.54,4.3,4.45,4.18,3.82,3.47,4.2,4.14,4.62,4.52,4.47,3.94,4.17,4.36,4.6,5.43,4.24,4.03,3.67,3.57,4.48
SOX15,5.01,6.52,7.43,5.93,6.37,6.32,6.06,5.71,6.83,5.24,6.82,6.33,5.39,6.03,6.54,6.45,6.29,6.47,6.13,5.72,5.82,6.13,6.04,6.06,6.34,5.85,6.04,5.85,5.59,6.36,5.14,5.83,6.69,5.77,6.53,6.03,7.76,5.21,6.75,6.36,6.08,6.13,5.72,5.78,5.9,6.65,5.39,4.89,6.15,6.46,5.49,6.03,5.75,5.99,6.14,6.21,5.75,5.7,5.82,5.42,6.06,6.28,5.88,6.75,6.84,6.65,5.04,5.71,5.96,5.44,5.02,5.91,6.35,4.23,6.29,5.26,5.86,5.81,6.49,6.27,6.17,5.79,5.78,5.16,6.02,5.97,5.48,4.9,6.47,6.07,6.55,6.67,6.55,5.48,4.7,6.26,6.23,7.61,6.01,5.39,5.33,5.17,5.22
ZNHIT3,6.87,7.36,7.72,7.95,7.57,7.55,6.6,6.99,8.27,6.26,8.14,6.19,7.38,6.91,7.6,7.41,7.11,6.7,7.72,6.69,7.13,6.73,7.96,7.03,8.28,6.73,6.94,6.79,7.74,8.11,7.49,7.27,8.3,6.85,7.21,8.02,8.61,6.81,8.62,7.63,6.86,8.58,7.5,6.4,6.61,7.34,5.83,6.83,7.07,7.72,7.57,7.13,6.86,6.85,7.54,8.37,7.48,6.79,6.67,8.05,6.68,7.41,7.62,7.48,6.96,7.54,6.65,7.65,6.94,5.7,6.43,6.94,6.96,7.08,7.57,7.48,7.19,6.54,7.38,7.26,6.71,6.96,7.64,7.81,7.15,7.31,6.77,5.92,6.98,7.84,6.47,7.69,7.32,7.44,6.68,7.12,7.83,8.21,7.12,6.16,7.11,6.12,6.36
MED1,1.95,2.99,3.53,2.85,2.89,3.47,2.37,2.52,3.39,1.52,3.65,2.26,1.98,2.53,2.72,3.18,2.54,2.62,3.08,2.74,2.55,2.87,2.19,2.66,4.22,2.15,2.59,2.59,2.59,3.07,2.02,2.56,3.21,2.3,3.05,4.19,5.15,2.22,3.63,2.85,2.6,3.83,2.59,2.48,1.7,4.13,2.72,1.9,4.12,3.06,4.29,2.77,1.87,2.33,2.74,3.57,2.6,2.61,2.15,2.37,2.71,2.6,2.34,3.18,2.89,2.88,6.57,2.59,2.76,2.26,2.34,2.6,2.48,1.81,3.01,4.22,3.09,2.33,2.7,2.74,2.4,2.23,2.79,2.87,2.9,2.78,2.34,1.72,2.75,2.52,2.26,3.1,2.95,2.48,2.18,2.61,2.7,4.4,2.57,2.23,2.06,3.27,2.76
ETV4,5.42,8.98,9.17,8.02,7.98,8.21,6.77,8.5,9.36,5.45,8.32,7.49,6.53,7.51,6.89,6.88,7.48,7.02,8.13,6.23,7.36,8.64,6.09,7.76,7.66,6.64,7.16,7.05,7.28,8.93,7.87,6.15,8.34,6.7,8.38,7.96,9.2,6.95,9.47,8.5,7.27,8.7,7.73,7.23,5.9,8.83,6.43,6.82,7.54,8.82,7.57,7.49,5.93,6.98,7.57,7.35,6.6,8.31,6.39,6.57,7.06,7.84,6.68,7.67,7.27,7.6,6.92,7.67,7.16,6.89,6.57,6.86,8.03,6.24,7.59,7.72,8.42,6.88,7.04,8.76,7.0,6.11,7.3,5.89,8.14,6.65,6.03,5.05,7.48,7.13,6.64,8.93,7.6,6.7,7.3,7.28,8.26,9.09,7.73,6.61,6.65,6.57,6.89
UBTF,5.76,5.21,5.98,4.37,5.29,5.19,4.64,5.14,5.41,3.57,5.03,4.17,4.2,5.58,5.08,5.21,5.24,4.53,5.41,5.12,4.64,4.83,4.23,5.3,5.03,4.26,4.39,4.74,4.53,5.02,4.51,4.52,5.23,4.19,5.97,5.08,6.22,4.56,5.67,4.49,5.19,5.74,5.15,4.21,3.83,5.11,4.23,4.75,4.61,5.53,4.69,5.31,4.36,5.27,4.64,5.17,4.44,5.37,4.78,3.56,4.88,4.9,4.88,5.57,4.62,5.18,3.75,5.14,5.04,3.9,5.35,4.3,5.02,4.04,5.37,4.51,5.01,4.38,4.92,5.13,4.62,4.57,4.95,4.32,5.28,4.97,4.14,3.75,4.69,4.49,4.01,5.9,5.1,4.25,3.65,5.03,4.85,5.66,4.63,4.45,3.89,3.87,4.75
KAT7,6.09,7.41,8.24,6.64,7.02,6.97,6.79,6.52,7.53,6.13,6.67,5.97,6.52,7.09,7.06,7.21,6.79,7.85,7.08,7.57,6.87,7.08,5.45,7.49,7.06,5.66,6.53,7.26,7.78,7.56,6.16,6.02,7.92,6.54,7.3,6.99,7.97,6.76,7.95,6.49,6.85,7.85,7.16,6.62,6.89,6.83,6.06,6.78,7.24,7.74,7.64,7.15,5.93,7.15,7.27,7.07,6.75,6.67,6.3,6.08,6.61,7.06,6.37,6.68,7.8,7.16,5.04,6.52,6.72,6.16,6.74,5.91,7.49,4.95,6.85,6.61,6.97,6.78,7.08,7.48,5.86,6.95,7.17,6.61,7.75,6.83,5.79,5.4,7.55,6.8,6.61,7.68,7.27,7.21,6.34,7.27,7.24,8.18,7.29,6.71,5.71,5.91,7.07
TRIM25,3.77,3.93,4.51,3.85,4.06,4.58,3.41,3.8,4.27,2.75,4.37,3.86,3.07,3.63,4.27,4.09,3.4,3.85,4.11,3.55,4.04,3.87,4.6,3.4,4.26,3.29,3.74,4.56,3.84,3.95,2.66,3.61,4.09,3.28,4.27,4.56,5.5,4.02,4.78,3.7,3.69,4.28,3.77,3.76,2.92,4.24,3.37,3.89,4.07,4.94,4.35,3.01,2.65,3.38,3.17,4.72,3.83,3.61,3.36,3.26,3.97,3.63,3.72,4.34,3.84,4.21,4.18,3.27,4.06,3.28,3.52,3.67,3.73,2.87,3.64,4.22,3.95,3.38,4.26,4.5,4.38,3.48,4.03,3.66,4.43,3.19,3.13,6.28,3.79,3.4,2.95,4.17,4.88,3.24,2.69,3.51,3.79,4.77,3.81,2.61,3.0,3.36,3.69
TGIF1,3.96,6.47,7.4,5.57,5.73,6.72,5.12,5.55,6.71,4.04,6.46,4.61,4.96,5.89,6.1,5.93,5.52,5.87,5.79,4.95,5.74,5.89,5.36,5.84,6.64,5.12,6.05,5.33,5.09,6.92,4.04,5.62,6.85,4.44,5.75,5.43,7.62,5.77,7.14,6.22,6.12,6.73,5.74,5.34,4.26,6.76,3.85,4.68,5.72,6.55,5.87,4.47,3.96,4.97,5.64,6.09,5.3,5.67,5.22,4.69,5.92,5.87,5.69,5.97,6.38,5.22,3.74,5.49,5.83,5.57,3.97,4.77,5.89,4.1,6.63,4.65,5.72,4.97,4.98,5.74,4.96,4.25,5.72,4.94,6.12,5.04,5.17,2.73,6.55,5.61,4.32,6.29,6.6,5.49,4.97,5.43,5.91,7.24,5.78,3.65,4.06,4.26,5.56
ZNF24,5.14,6.84,7.15,6.22,6.73,6.75,5.91,5.48,6.99,5.19,5.72,5.71,5.57,5.82,6.68,5.72,6.1,5.82,7.01,4.97,5.39,6.09,5.8,6.35,5.63,5.19,6.9,6.34,5.16,6.4,5.51,5.86,7.16,5.76,7.02,5.36,7.3,5.38,7.52,6.49,6.02,6.18,6.09,5.35,7.35,6.41,5.03,5.81,5.48,6.57,5.46,5.8,6.43,5.6,6.16,6.02,5.72,6.17,5.64,5.56,5.81,6.62,5.72,7.19,6.41,5.85,5.94,6.92,5.93,5.2,6.99,5.65,7.0,3.98,6.78,5.17,5.91,4.88,5.31,7.0,5.23,5.29,6.21,6.28,6.68,6.39,5.31,5.14,6.5,5.46,5.35,6.66,6.72,5.15,5.85,5.6,6.41,6.3,5.41,4.79,5.46,5.97,4.88
RBCK1,3.8,4.98,5.41,4.18,5.04,5.29,4.17,4.59,4.94,3.37,4.56,4.01,3.9,4.69,4.52,4.72,4.47,4.38,4.92,3.83,4.56,4.7,3.95,4.32,4.74,4.47,4.19,4.11,4.52,4.87,4.01,4.25,5.36,4.09,5.17,4.55,5.79,4.03,5.29,4.22,4.4,5.22,4.5,4.26,3.45,4.94,3.72,4.05,4.3,5.22,4.57,4.15,3.77,4.57,4.72,5.01,3.93,4.47,4.12,4.01,4.67,4.65,4.58,5.21,4.66,4.96,3.56,4.38,4.73,4.24,4.04,4.62,4.31,3.81,4.67,4.32,4.75,4.39,4.32,4.65,4.43,4.24,4.84,3.96,4.99,4.38,4.36,2.91,4.43,4.2,4.21,5.1,4.98,4.15,3.87,4.69,4.82,5.34,4.54,4.2,3.96,3.73,4.41
ID1,5.26,5.6,6.59,4.86,5.5,6.92,6.04,6.48,5.76,4.6,7.17,4.8,5.02,5.46,5.71,6.44,6.3,5.6,5.56,5.14,4.55,5.3,5.1,5.14,6.55,5.16,4.87,7.77,6.4,6.04,4.77,5.61,5.98,5.07,6.44,5.61,7.01,6.62,6.32,5.84,5.09,6.17,5.62,5.29,3.6,6.42,3.67,8.62,6.29,6.33,4.63,4.7,7.54,5.89,5.01,5.39,5.1,5.72,6.88,5.84,5.58,5.34,5.18,7.48,6.03,6.62,4.43,5.87,6.31,4.25,4.86,4.87,5.91,5.21,5.79,7.55,5.59,4.47,4.81,5.64,6.45,6.24,6.07,4.32,6.64,6.48,5.5,4.67,5.56,4.64,5.1,7.44,6.18,5.33,6.05,7.69,6.13,6.31,5.05,4.54,5.17,4.77,5.55
TOP1,3.93,5.28,5.42,4.71,4.77,5.44,4.36,4.7,5.82,3.91,4.85,5.05,3.86,5.17,4.43,4.75,4.64,4.59,5.5,4.14,4.45,4.73,4.07,4.57,5.1,4.42,4.87,5.07,4.69,5.27,3.66,4.67,5.27,4.06,5.3,4.68,5.82,4.35,5.47,4.78,4.81,5.05,4.75,4.54,6.05,5.36,4.04,3.86,4.56,5.06,4.69,4.45,3.57,4.77,4.18,5.16,4.71,4.76,4.54,4.12,4.59,5.41,4.38,5.31,5.28,4.57,4.13,4.99,4.55,4.22,4.66,4.62,5.23,3.92,5.35,4.29,4.7,4.61,4.69,5.33,5.14,4.19,5.07,4.23,5.33,4.88,4.83,3.39,4.52,4.62,3.98,5.17,5.18,4.54,4.12,4.59,4.94,5.2,4.59,4.51,4.49,4.4,3.85
SALL4,4.73,6.57,6.08,5.72,5.72,6.35,5.37,5.85,6.84,4.21,6.28,4.85,4.87,5.65,5.73,6.07,5.48,5.23,4.94,4.91,6.05,5.74,4.6,5.51,6.13,4.95,4.77,4.91,5.6,6.01,4.53,5.9,6.45,4.83,6.23,5.85,7.09,4.89,6.36,5.18,5.95,7.28,5.52,5.27,4.77,6.26,4.3,5.12,5.9,6.42,5.78,5.02,3.6,5.27,5.5,5.62,4.57,5.25,4.71,4.48,6.06,5.21,4.83,6.23,6.13,6.3,3.8,5.57,5.69,4.17,4.55,4.96,6.03,4.04,6.2,4.7,5.91,4.62,5.41,5.43,5.18,5.0,5.6,4.12,6.03,4.78,5.18,3.97,5.5,4.78,4.57,6.57,6.31,6.24,4.96,5.82,5.95,7.04,5.1,4.17,4.72,4.79,5.17
TCF3,2.41,4.06,5.2,3.82,3.86,3.94,3.41,3.2,4.61,2.41,4.1,3.31,2.59,3.4,3.72,4.01,3.26,3.69,4.12,2.75,3.64,4.03,2.86,3.52,3.76,3.26,3.57,3.53,3.84,4.68,2.99,3.41,4.58,3.28,4.02,2.99,5.56,2.68,4.6,3.8,3.23,4.37,3.34,3.42,2.57,3.95,2.5,3.1,3.84,4.0,3.34,3.37,2.33,3.48,3.89,3.52,3.23,4.09,2.84,2.21,3.82,4.12,3.34,3.98,4.07,3.93,2.38,3.55,3.55,2.71,2.88,3.49,3.79,1.83,3.78,3.04,3.77,2.53,3.52,3.76,3.43,3.05,4.24,2.77,3.64,3.56,3.05,1.96,4.48,3.53,3.15,3.97,4.15,3.38,2.63,3.53,4.09,5.07,3.06,2.24,3.09,2.46,2.68
CHAF1A,3.95,5.51,5.92,4.68,4.85,5.7,4.79,4.75,5.05,3.49,5.11,4.01,4.41,5.11,4.74,4.8,4.74,4.84,5.31,4.47,4.57,4.91,3.73,4.84,5.4,4.3,4.56,4.51,5.01,5.46,4.09,4.48,5.66,4.26,5.57,4.46,6.74,4.51,5.69,4.06,5.11,5.59,4.98,4.46,3.43,5.13,4.13,4.07,4.8,5.46,4.78,4.65,3.76,4.83,4.89,5.06,4.22,5.1,4.66,4.04,4.75,4.99,4.78,5.54,4.65,5.13,4.35,4.3,4.82,4.17,4.15,4.87,4.46,3.59,5.2,4.84,5.14,4.46,4.59,4.45,4.36,4.25,4.85,3.82,5.52,4.34,4.54,3.26,4.93,4.09,3.87,5.3,5.27,4.41,4.06,5.31,4.89,5.87,4.81,3.8,3.87,4.15,4.48
DNMT1,3.55,6.44,6.62,5.28,5.58,6.68,5.2,5.01,5.76,3.29,6.04,4.94,4.06,5.85,6.9,6.15,4.78,6.31,5.98,5.31,5.78,5.77,4.76,5.43,5.91,4.24,5.69,5.13,5.27,6.5,4.43,5.08,6.77,4.96,6.31,5.41,8.08,5.2,6.34,4.58,5.59,7.51,5.42,5.4,3.33,6.17,4.92,4.71,5.44,6.71,5.5,5.75,4.31,5.74,5.38,6.23,4.69,5.3,4.84,4.57,6.06,5.5,5.12,6.15,5.85,6.12,4.5,4.95,5.17,4.68,4.61,5.57,5.51,3.01,5.71,5.65,5.6,5.38,5.46,5.79,5.11,5.2,5.42,5.24,5.8,5.36,5.01,3.77,5.34,5.54,4.9,6.15,6.63,4.59,4.3,5.65,7.75,6.55,5.86,4.15,5.13,4.07,4.98
ILF3,5.1,6.12,6.95,5.16,6.15,6.38,5.5,5.8,6.49,4.84,6.06,5.46,5.09,5.84,5.68,6.2,5.62,5.66,6.35,5.57,5.48,5.68,4.58,6.06,6.7,5.23,4.96,4.87,5.97,6.59,5.22,5.87,6.69,5.72,6.33,5.76,7.06,5.47,6.66,4.97,5.87,6.76,6.26,5.62,4.51,6.04,4.14,5.53,5.67,6.45,5.5,5.58,4.1,5.47,5.96,6.17,4.73,5.98,5.82,5.26,5.7,6.47,5.64,6.38,5.24,6.33,4.52,5.79,5.76,5.21,4.11,5.81,5.48,4.44,6.42,5.83,5.98,5.4,6.3,5.48,5.21,5.48,6.03,5.24,6.34,5.14,5.24,4.59,5.97,5.95,4.67,6.62,6.41,5.27,4.65,6.22,5.77,7.08,5.65,5.17,4.82,4.5,5.36
NR2F6,5.9,6.44,6.65,6.26,6.47,6.76,5.4,5.83,5.84,5.02,6.12,5.55,5.91,5.86,6.34,6.74,6.17,6.56,6.27,5.36,6.2,5.8,5.95,5.99,6.5,5.89,6.04,5.79,6.05,6.32,5.2,5.84,6.64,5.64,6.4,5.73,7.16,5.55,6.55,5.03,6.21,6.71,6.28,5.57,5.2,6.38,5.24,5.45,5.68,6.21,5.97,6.0,5.19,6.99,5.65,6.47,5.26,6.23,6.29,5.13,6.22,5.75,6.59,6.49,6.1,7.77,6.0,6.26,6.28,6.08,4.88,6.2,6.37,5.94,5.92,5.62,5.36,5.58,6.88,5.86,6.02,5.83,5.92,5.2,6.57,5.81,6.0,5.43,6.01,5.74,5.62,5.8,5.87,6.41,6.09,6.12,5.94,7.16,7.06,5.73,6.21,5.26,5.36
ZNF90,2.99,4.24,4.79,4.13,4.9,4.16,4.25,4.06,4.5,2.54,5.05,3.95,3.4,4.54,4.15,3.87,3.5,4.3,4.3,2.93,4.17,4.51,3.37,4.81,4.25,3.56,3.72,3.38,3.67,5.06,3.6,3.83,5.15,3.23,4.39,4.5,5.45,4.1,4.53,4.1,3.82,4.23,4.25,3.93,3.08,3.95,3.16,4.13,3.48,4.72,4.62,3.17,2.53,3.86,4.03,4.4,3.68,3.68,3.69,3.08,4.48,3.76,3.67,4.07,3.98,3.83,3.41,3.77,3.93,3.48,2.97,4.76,3.95,2.88,4.32,4.73,3.96,3.59,3.44,5.06,3.52,3.6,3.86,3.06,4.78,4.77,3.5,2.69,4.86,3.77,3.38,3.89,4.46,3.66,3.95,3.9,3.67,4.8,3.86,2.91,3.37,3.26,3.27
ZNF649,5.62,7.19,7.17,6.37,7.02,6.78,6.39,6.48,7.17,6.47,7.1,6.07,5.96,6.75,6.74,6.88,6.18,6.67,6.84,5.18,6.87,6.53,6.4,6.62,7.33,5.84,6.17,6.65,6.77,7.12,5.94,6.31,7.7,6.45,6.93,6.42,7.99,6.7,7.4,6.13,6.72,7.19,6.68,6.36,5.42,7.08,6.06,5.79,6.75,6.79,6.91,6.29,6.01,6.72,6.31,6.97,5.81,6.94,6.18,5.82,6.52,6.62,6.26,6.9,6.86,6.58,5.27,6.7,6.74,5.8,5.76,6.22,6.72,5.92,6.85,6.22,6.67,6.05,6.3,6.75,6.92,6.26,6.7,5.44,7.02,5.77,6.25,5.4,6.71,6.85,6.39,7.18,7.01,6.37,6.31,6.44,7.07,7.32,6.37,6.24,6.13,6.34,5.72
PAXBP1,2.7,3.6,4.21,4.0,4.4,3.71,3.78,3.9,3.73,2.85,3.49,3.81,3.23,3.1,4.11,3.77,3.22,3.53,3.98,3.51,3.29,4.18,3.08,4.02,3.91,3.43,3.31,3.6,3.21,3.8,3.05,3.76,3.82,3.51,4.27,3.61,5.1,3.67,4.19,3.23,3.36,3.68,3.61,3.11,2.82,3.84,2.88,3.15,3.42,3.58,3.27,3.71,2.45,3.77,3.15,3.29,2.69,3.4,3.99,3.13,3.03,3.65,3.46,3.81,3.54,3.87,3.08,3.4,2.88,3.26,3.06,3.77,3.18,2.45,3.54,3.35,3.82,3.31,3.69,3.65,2.88,4.1,3.63,2.58,3.61,3.38,3.16,2.55,4.42,3.06,3.78,4.27,3.42,3.71,3.56,3.63,3.26,4.31,3.73,2.54,3.42,5.14,3.0
ETS2,4.36,5.5,5.73,4.92,5.31,5.58,5.02,4.87,5.25,4.83,6.2,4.84,4.55,4.89,5.38,5.12,4.45,5.31,5.48,4.74,5.04,5.47,4.47,5.14,6.77,4.94,5.32,4.83,4.83,5.81,4.41,4.71,5.69,4.71,5.08,6.55,6.63,4.83,5.81,5.32,4.88,6.03,5.16,4.77,4.49,6.24,4.57,4.94,6.23,5.41,6.77,5.16,4.25,4.78,5.03,6.6,5.13,5.13,4.48,5.09,5.38,5.32,4.7,5.4,5.15,5.7,8.8,5.23,5.46,4.33,5.31,4.83,5.16,3.7,5.36,6.97,4.89,4.81,5.03,5.14,4.92,4.52,5.01,4.34,5.33,5.08,4.66,4.1,5.24,4.8,4.84,5.21,5.4,4.65,4.74,5.2,5.32,6.32,4.97,4.2,4.97,4.45,4.59
